Family,SubFamily,ObjectGroup,ObjectName,Assembly Code,Assembly Description,Description,Type Comments,Type Name,Structural Material,Material,Category
Walls,Basic Wall,LC02(E),Basic Wall,B2010100,Exterior Wall Construction,600MMX100MMX200MM(H) AAC BLOCK WALL,MCR17,LC02(E),100MM THK. ALC PANEL WALL,,Precision Blockwall
Walls,Basic Wall,LC02(E),Basic Wall,B2010100,Exterior Wall Construction,600MMX100MMX200MM(H) AAC BLOCK WALL,MCR17,LC02(E),100MM THK. ALC PANEL WALL,,Precision Blockwall
Walls,Basic Wall,LC02,Basic Wall,B2010100,Exterior Wall Construction,600MMX100MMX200MM(H) AAC BLOCK WALL,MCR17,LC02,100MM THK. ALC PANEL WALL,,Precision Blockwall
Walls,Basic Wall,LC02,Basic Wall,B2010100,Exterior Wall Construction,600MMX100MMX200MM(H) AAC BLOCK WALL,MCR17,LC02,100MM THK. ALC PANEL WALL,,Precision Blockwall
Walls,Basic Wall,LC01 (F) @ 15MMTHK FIN,Basic Wall,B2010100,Exterior Wall Construction,600MMX100MMX200MM(H) AAC BLOCK WALL,MCR17,LC01 (F) @ 15MMTHK FIN,100MM THK. ALC PANEL WALL,,Precision Blockwall
Walls,Basic Wall,RC+1P,Basic Wall,B2010100,Exterior Wall Construction,350MM THK RC WALL,MCR17,RC+1P,Concrete - Cast In Situ,,Cast In-Situ RC Wall
Walls,Basic Wall,RC,Basic Wall,,,350MM THK RC WALL,MCR17,RC,Concrete - Cast In Situ,,Cast In-Situ RC Wall
Walls,Basic Wall,LC01(F),Basic Wall,,,600MMX100MMX200MM(H) AAC BLOCK WALL,MCR17,LC01(F),100MM THK. ALC PANEL WALL,,Precision Blockwall
Walls,Basic Wall,LC01 (3.1),Basic Wall,,,600MMX100MMX200MM(H) AAC BLOCK WALL,MCR17,LC01 (3.1),100MM THK. ALC PANEL WALL,,Precision Blockwall
Walls,Basic Wall,LC01+1HR,Basic Wall,,,600MMX100MMX200MM(H) AAC BLOCK WALL,MCR17,LC01+1HR,100MM THK. ALC PANEL WALL,,Precision Blockwall
Walls,Basic Wall,LC01(F)/1HR,Basic Wall,,,600MMX100MMX200MM(H) AAC BLOCK WALL,.,LC01(F)/1HR,100MM THK. ALC PANEL WALL,,Precision Blockwall
Walls,Basic Wall,LC01(F)+3KB+1T-300x600 (H),Basic Wall,B2010,Exterior Walls,600MMX100MMX200MM(H) AAC BLOCK WALL,MCR17,LC01(F)+3KB+1T-300x600 (H),100MM THK. ALC PANEL WALL,,Precision Blockwall
Walls,Basic Wall,LC01+3KB+BT (F) 300x600m-WT1931 (v),Basic Wall,B2020,Exterior Windows,600MMX100MMX200MM(H) AAC BLOCK WALL,MCR17,LC01+3KB+BT (F) 300x600m-WT1931 (v),100MM THK. ALC PANEL WALL,,Precision Blockwall
Walls,Basic Wall,LC01+3KB+BT (F) 300x600m-WT1931,Basic Wall,,,600MMX100MMX200MM(H) AAC BLOCK WALL,MCR17,LC01+3KB+BT (F) 300x600m-WT1931,100MM THK. ALC PANEL WALL,,Precision Blockwall
Walls,Basic Wall,LC01+3KB+BT(WT1931),Basic Wall,,,600MMX100MMX200MM(H) AAC BLOCK WALL,MCR17,LC01+3KB+BT(WT1931),100MM THK. ALC PANEL WALL,,Precision Blockwall
Walls,Basic Wall,LC01+3KB+BT(WT1931),Basic Wall,,,600MMX100MMX200MM(H) AAC BLOCK WALL,MCR17,LC01+3KB+BT(WT1931),100MM THK. ALC PANEL WALL,,Precision Blockwall
Walls,Basic Wall,LC01+6KB+BT,Basic Wall,,,600MMX100MMX200MM(H) AAC BLOCK WALL,MCR17,LC01+6KB+BT,100MM THK. ALC PANEL WALL,,Precision Blockwall
Walls,Basic Wall,LC01(F)+3KB+1T-300x600(140),Basic Wall,,,600MMX100MMX200MM(H) AAC BLOCK WALL,MCR17,LC01(F)+3KB+1T-300x600(140),100MM THK. ALC PANEL WALL,,Precision Blockwall
Walls,Basic Wall,LC01(F)+1HR,Basic Wall,,,600MMX100MMX200MM(H) AAC BLOCK WALL,MCR17,LC01(F)+1HR,100MM THK. ALC PANEL WALL,,Precision Blockwall
Walls,Basic Wall,WC-12MM,Basic Wall,C1010100,Fixed Partitions,12MM THK PILASTER,MCR17,WC-12MM,SPLASHBACK-for render,,Compartment Wall
Walls,Basic Wall,WC-12MM,Basic Wall,C1010100,Fixed Partitions,12MM THK PILASTER,MCR17,WC-12MM,SPLASHBACK-for render,,Compartment Wall
Walls,Basic Wall,LC01+3KB+1T (V),Basic Wall,,,600MMX100MMX200MM(H) AAC BLOCK WALL,MCR17,LC01+3KB+1T (V),100MM THK. ALC PANEL WALL,,Precision Blockwall
Walls,Basic Wall,LC01+3KB+1T (V),Basic Wall,,,600MMX100MMX200MM(H) AAC BLOCK WALL,MCR17,LC01+3KB+1T (V),100MM THK. ALC PANEL WALL,,Precision Blockwall
Walls,Basic Wall,External_AAC_Block_100mm,Basic Wall,,,RC LEDGE,MCR17,External_AAC_Block_100mm,Masonry - Concrete Blocks,,Precision Blockwall
Walls,Basic Wall,External_AAC_Block_100mm,Basic Wall,,,RC LEDGE,MCR17,External_AAC_Block_100mm,Masonry - Concrete Blocks,,Precision Blockwall
Walls,Basic Wall,LC01(F)+3KB+1T_15MMTHK. (HT ERMOSA SILVER),Basic Wall,,,600MMX100MMX200MM(H) AAC BLOCK WALL,MCR17,LC01(F)+3KB+1T_15MMTHK. (HT ERMOSA SILVER),100MM THK. ALC PANEL WALL,,Precision Blockwall
Walls,Basic Wall,LC01(F)+3KB+1T-300x600 HT ERMOSA,Basic Wall,,,600MMX100MMX200MM(H) AAC BLOCK WALL,MCR17,LC01(F)+3KB+1T-300x600 HT ERMOSA,100MM THK. ALC PANEL WALL,,Precision Blockwall
Walls,Basic Wall,Plaster Finish-15thk.,Basic Wall,,,15MM THK PLASTER AND PAINT FINISHES,MCR17,Plaster Finish-15thk.,Plaster - Nippon Solitude 5035,,Wall Finish
Walls,Basic Wall,Plaster Finish-15thk.,Basic Wall,,,15MM THK PLASTER AND PAINT FINISHES,MCR17,Plaster Finish-15thk.,Plaster - Nippon Solitude 5035,,Wall Finish
Walls,Basic Wall,Plaster Finish-25thk. 2,Basic Wall,,,15MM THK PLASTER AND PAINT FINISHES,MCR17,Plaster Finish-25thk. 2,Plaster Finish(1),,Wall Finish
Walls,Basic Wall,LC01(F)+3KB+1T-300x600 HT ERMOSA (v),Basic Wall,,,600MMX100MMX200MM(H) AAC BLOCK WALL,MCR17,LC01(F)+3KB+1T-300x600 HT ERMOSA (v),100MM THK. ALC PANEL WALL,,Precision Blockwall
Walls,Basic Wall,TILE (HT ERMOSA SILVER),Basic Wall,,,12MM THK TILES,MCR17,TILE (HT ERMOSA SILVER),<By Category>,,Wall Finish
Walls,Basic Wall,Plaster+Tile-25thk. (HT ERMOSA),Basic Wall,,,25MM THK TILES FINISHES,MCR17,Plaster+Tile-25thk. (HT ERMOSA),HT-LEA3009,,Wall Finish
Walls,Basic Wall,Plaster+Tile-25thk.,Basic Wall,,,25MM THK TILES FINISHES,MCR17,Plaster+Tile-25thk.,WT-1931,,Wall Finish
Walls,Basic Wall,Plaster+Tile-25thk.,Basic Wall,,,25MM THK TILES FINISHES,MCR17,Plaster+Tile-25thk.,WT-1931,,Wall Finish
Walls,Basic Wall,Plaster Finish-25thk.,Basic Wall,,,15MM THK PLASTER AND PAINT FINISHES,MCR17,Plaster Finish-25thk.,Plaster Finish,,Wall Finish
Walls,Basic Wall,Plaster Finish-25thk.,Basic Wall,,,15MM THK PLASTER AND PAINT FINISHES,MCR17,Plaster Finish-25thk.,Plaster Finish,,Wall Finish
Walls,Basic Wall,LC01+1P(3.1),Basic Wall,,,600MMX100MMX200MM(H) AAC BLOCK WALL,MCR17,LC01+1P(3.1),100MM THK. ALC PANEL WALL,,Precision Blockwall
Walls,Basic Wall,LC01+1P(3.1),Basic Wall,,,600MMX100MMX200MM(H) AAC BLOCK WALL,MCR17,LC01+1P(3.1),100MM THK. ALC PANEL WALL,,Precision Blockwall
Walls,Basic Wall,LC01(F)+1P,Basic Wall,,,600MMX100MMX200MM(H) AAC BLOCK WALL,MCR17,LC01(F)+1P,100MM THK. ALC PANEL WALL,,Precision Blockwall
Walls,Basic Wall,LC01(25MM-BS),Basic Wall,,,600MMX100MMX200MM(H) AAC BLOCK WALL,MCR17,LC01(25MM-BS),100MM THK. ALC PANEL WALL,,Precision Blockwall
Walls,Basic Wall,LC01(F)+1P @ 15MM,Basic Wall,,,600MMX100MMX200MM(H) AAC BLOCK WALL,MCR17,LC01(F)+1P @ 15MM,100MM THK. ALC PANEL WALL,,Precision Blockwall
Walls,Basic Wall,External_AAC_Block_100+150Air+50mm,Basic Wall,,,600MMX100MMX200MM(H) AAC BLOCK WALL,MCR17,External_AAC_Block_100+150Air+50mm,Masonry - Concrete Blocks,,Precision Blockwall
Walls,Basic Wall,Plaster+Tile-15thk. HT-RH2111(Bianco Mat) 600MM (2MM),Basic Wall,,,100MM(H) TILES SKIRTING,MCR17,Plaster+Tile-15thk. HT-RH2111(Bianco Mat) 600MM (2MM),<By Category>,,Wall Skirting
Walls,Basic Wall,Plaster+Tile-15thk. HT-RH2111(Bianco Mat),Basic Wall,,,15MM THK PLASTER AND PAINT FINISHES,MCR17,Plaster+Tile-15thk. HT-RH2111(Bianco Mat),<By Category>,,Wall Finish
Walls,Basic Wall,LC01+7KB+1T (LOW WALL) (HT ERMOSA),Basic Wall,,,600MMX100MMX200MM(H) AAC BLOCK WALL,MCR17,LC01+7KB+1T (LOW WALL) (HT ERMOSA),<By Category>,,Precision Blockwall
Walls,Basic Wall,LC01+3KB+BT(HT ERMOSA),Basic Wall,,,600MMX100MMX200MM(H) AAC BLOCK WALL,MCR17,LC01+3KB+BT(HT ERMOSA),100MM THK. ALC PANEL WALL,,Precision Blockwall
Walls,Basic Wall,Plaster+Tile-25thk.300x600 WT1931,Basic Wall,,,25MM THK TILES FINISHES,MCR17,Plaster+Tile-25thk.300x600 WT1931,WT-1931,,Wall Finish
Walls,Basic Wall,LC01(F)+3KB+1T-300x600,Basic Wall,,,600MMX100MMX200MM(H) AAC BLOCK WALL,MCR17,LC01(F)+3KB+1T-300x600,100MM THK. ALC PANEL WALL,,Precision Blockwall
Walls,Basic Wall,Plaster+Tile-15thk. HT-RH2111 600x600(HT TRIBECA GRIGIO),Basic Wall,,,100MM(H) TILES SKIRTING,MCR17,Plaster+Tile-15thk. HT-RH2111 600x600(HT TRIBECA GRIGIO),<By Category>,,Wall Skirting
Walls,Basic Wall,Plaster+Tile-15thk. HT-RH2111(Bianco Mat) 300MM (2MM),Basic Wall,,,100MM(H) TILES SKIRTING,MCR17,Plaster+Tile-15thk. HT-RH2111(Bianco Mat) 300MM (2MM),<By Category>,,Wall Skirting
Walls,Basic Wall,Skirting-HT-TRIBECA GRIGO R10-600MM (2MM) SKIRTING,Basic Wall,C3010150,Wall Finishes - Tile,100MM(H) TILES SKIRTING,MCR17,Skirting-HT-TRIBECA GRIGO R10-600MM (2MM) SKIRTING,HT-TRIBECA GRIGO R10-600MM (2MM) SKIRTING,,Wall Skirting
Walls,Basic Wall,Skirting-HT-TRIBECA GRIGO R10-300x600,Basic Wall,,,100MM(H) TILES SKIRTING,MCR17,Skirting-HT-TRIBECA GRIGO R10-300x600,HT-TRIBECA GRIGO R10-300x600,,Wall Skirting
Walls,Basic Wall,Skirting-HT-TRIBECA GRIGO R10-300x600 (1.5),Basic Wall,,,100MM(H) TILES SKIRTING,MCR17,Skirting-HT-TRIBECA GRIGO R10-300x600 (1.5),HT-TRIBECA GRIGO R10-300x600(1.5),,Wall Skirting
Walls,Basic Wall,LC01+3KB+BT (F),Basic Wall,,,600MMX100MMX200MM(H) AAC BLOCK WALL,MCR17,LC01+3KB+BT (F),100MM THK. ALC PANEL WALL,,Precision Blockwall
Walls,Basic Wall,LC01+4KB+1T (LOW WALL) WT1931,Basic Wall,,,600MMX100MMX200MM(H) AAC BLOCK WALL,MCR17,LC01+4KB+1T (LOW WALL) WT1931,WT-1931,,Precision Blockwall
Walls,Basic Wall,External_AAC_Block_100+100Air+50mm,Basic Wall,,,600MMX100MMX200MM(H) AAC BLOCK WALL,MCR17,External_AAC_Block_100+100Air+50mm,Masonry - Concrete Blocks,,Precision Blockwall
Walls,Basic Wall,Skirting-HT-TRIBECA GRIGO R10-300MM (2MM) SKIRTING,Basic Wall,,,100MM(H) TILES SKIRTING,MCR17,Skirting-HT-TRIBECA GRIGO R10-300MM (2MM) SKIRTING,HT-TRIBECA GRIGO R10-300MM (2mm),,Wall Skirting
Walls,Basic Wall,External_Masonry_Block_300mm (Entrance Signage) - Cyan,Basic Wall,,,3MM THK ALUM. BOX UP BASE IN SPRAY PAINTED FINISH,MCR17,External_Masonry_Block_300mm (Entrance Signage) - Cyan,Wall_BlockMasonry,,Wall Finish
Walls,Basic Wall,LC01(F)+3KB+1T (Add'l finish),Basic Wall,,,600MMX100MMX200MM(H) AAC BLOCK WALL,MCR17,LC01(F)+3KB+1T (Add'l finish),100MM THK. ALC PANEL WALL,,Precision Blockwall
Walls,Basic Wall,LC01(F)+3KB+1T,Basic Wall,,,600MMX100MMX200MM(H) AAC BLOCK WALL,MCR17,LC01(F)+3KB+1T,100MM THK. ALC PANEL WALL,,Precision Blockwall
Walls,Basic Wall,External_RC_200mm,Basic Wall,,,200MM THK RC WALL,MCR17,External_RC_200mm,Wall_Concrete,,Cast In-Situ RC Wall
Walls,Basic Wall,Plaster+Tile-25thk.300x600 WT1931 2,Basic Wall,,,100MM(H) TILES SKIRTING,MCR17,Plaster+Tile-25thk.300x600 WT1931 2,WT-1931(v)(4),,Wall Skirting
Walls,Basic Wall,WC-24MM,Basic Wall,C1010200,Demountable Partitions,18MM HANGING PARTITION PANEL,MCR17,WC-24MM,ADA_White,,Dry Wall
Walls,Curtain Wall,GlassBlock,Curtain Wall,B2010148,Ext. Wall - Glass Block,190(L)MMX190(H)MMX95(W)MM GLASS BLOCK,MCR17,GlassBlock,<By Category>,,Curtain Wall
Walls,Curtain Wall,GlassBlock,Curtain Wall,B2010148,Ext. Wall - Glass Block,190(L)MMX190(H)MMX95(W)MM GLASS BLOCK,MCR17,GlassBlock,<By Category>,,Curtain Wall
Walls,Curtain Wall,GlassBlock,Curtain Wall,B2010148,Ext. Wall - Glass Block,190(L)MMX190(H)MMX95(W)MM GLASS BLOCK,MCR17,GlassBlock,<By Category>,,Curtain Wall
Walls,Curtain Wall,Metal Facade - Blue,CurtainPanel,,,,,AluminiumPanel - Blue,,,Curtain Wall
Walls,Curtain Wall,Metal Facade - Blue,Rectangular Mullion,,,,,Rectangular_Mullion_Top_Right-PF,,Metal - Steel(Navy Blue),Curtain Wall
Walls,Curtain Wall,Metal Facade - Blue,CurtainPanel,,,,,AluminiumPanel - Blue,,,Curtain Wall
Walls,Curtain Wall,Metal Facade - Blue,Rectangular Mullion,,,,,Rectangular_Mullion_Top_Right-PF,,Metal - Steel(Navy Blue),Curtain Wall
Walls,Curtain Wall,Metal Facade - Blue,Curtain Wall,,,0.54MM THK COLORBOND KLIPLOK HI-TEN 406 AS FASCIA,MCR17,Metal Facade - Blue,<By Category>,,Curtain Wall
Walls,Curtain Wall,Metal Facade - Blue,CurtainPanel,,,,,AluminiumPanel - Blue,,,Curtain Wall
Walls,Curtain Wall,Metal Facade - Blue,Rectangular Mullion,,,,,Rectangular_Mullion_Top_Right-PF,,Metal - Steel(Navy Blue),Curtain Wall
Walls,Curtain Wall,Metal Facade - Blue,Rectangular Mullion,,,,,Rectangular_Mullion_Center- PF,,Metal - Steel(Navy Blue),Curtain Wall
Walls,Curtain Wall,Metal Facade - Blue,Curtain Wall,,,0.54MM THK COLORBOND KLIPLOK HI-TEN 406 AS FASCIA,MCR17,Metal Facade - Blue,<By Category>,,Curtain Wall
Walls,Curtain Wall,Metal Facade - Blue,CurtainPanel,,,,,AluminiumPanel - Blue,,,Curtain Wall
Walls,Curtain Wall,Metal Facade - Blue - Klip Lok,System Panel,,,,,Glazed,,Glass - Frosted,Curtain Wall
Walls,Curtain Wall,Metal Facade - Blue - Klip Lok,Rectangular Mullion,,,,,Rectangular_Mullion_Top_Right-PF,,Metal - Steel(Navy Blue),Curtain Wall
Walls,Curtain Wall,Metal Facade - Blue - Klip Lok,System Panel,,,,,Glazed,,Glass - Frosted,Curtain Wall
Walls,Curtain Wall,Metal Facade - Blue - Klip Lok,Rectangular Mullion,,,,,Rectangular_Mullion_Bottom_Left-PF,,Metal - Steel(Navy Blue),Curtain Wall
Walls,Curtain Wall,Metal Facade - Blue - Klip Lok,Curtain Wall,,,0.54MM THK COLORBOND KLIPLOK HI-TEN 406 AS FASCIA,MCR17,Metal Facade - Blue - Klip Lok,<By Category>,,Curtain Wall
Doors,ALUMINUM DOOR AD3-AD4,AD2 (1300x1500),ALUMINUM DOOR AD3-AD4,x,Solid Exterior Doors,Heavy duty aluminum door in powder coated finish,MCR03,AD2 (1300x1500),,Steel,General Door Item
Doors,DOUBLE LOUVER INSERT SWING DOOR,2800 x2750 - AD1,DOUBLE LOUVER INSERT SWING DOOR,,,Heavy duty aluminum frame aluminum louver door in powder coated finish,MCR03,2800 x2750 - AD1,,,General Door Item
Doors,QUADRUPLE LOUVER INSERT SWING DOOR,AD3 (1900x2900),QUADRUPLE LOUVER INSERT SWING DOOR,,,Heavy duty aluminum frame aluminum louver door in powder coated finish,MCR03,AD3 (1900x2900),,,General Door Item
Doors,BCA_Dr-Resi_2Leaf,MD9 (1500x2200),BCA_Dr-Resi_2Leaf,,,1HR fire-rated metal frame metal door in spray paint finish,MCR03,MD9 (1500x2200),,,General Door Item
Doors,BCA_Dr-NonResi_1Leaf1Swing,MD8 (900x2200),BCA_Dr-NonResi_1Leaf1Swing,,,Metal frame metal door w/ bottom louver in spray paint finish,MCR03,MD8 (900x2200),,,General Door Item
Doors,BCA_Dr-NonResi_1Leaf1Swings ASS,MD4 (1050x2200),BCA_Dr-NonResi_1Leaf1Swings ASS,,,Metal frame metal door w/ bottom louver in spray paint finish with horizontal pull bar & vertical pull handle,MCR03,MD4 (1050x2200),,,General Door Item
Doors,POC_Timber Door_Unequal Leaf(rend),MD10 (1500x2200),POC_Timber Door_Unequal Leaf(rend),,,Metal frame metal door w/ vision panel in spray paint finish,MCR03,MD10 (1500x2200),,FS1028 Granite Grey PVDF,General Door Item
Doors,RKD-IDR_Cubicle Door Placeholder_WC,600x1900mm,RKD-IDR_Cubicle Door Placeholder_WC,,,Internal Single Door,MCR03,600x1900mm,,,General Door Item
Doors,RKD-IDR_Cubicle Door Placeholder_WC,600x1900mm,RKD-IDR_Cubicle Door Placeholder_WC,,,Internal Single Door,MCR03,600x1900mm,,,General Door Item
Doors,RKD-IDR_Cubicle Door Placeholder_WC,600x1900mm,RKD-IDR_Cubicle Door Placeholder_WC,,,Internal Single Door,MCR03,600x1900mm,,,General Door Item
Doors,RKD-IDR_Cubicle Door Placeholder_WC,600x1900mm,RKD-IDR_Cubicle Door Placeholder_WC,,,Internal Single Door,MCR03,600x1900mm,,,General Door Item
Doors,RKD-IDR_Cubicle Door Placeholder_WC,600x1900mm,RKD-IDR_Cubicle Door Placeholder_WC,,,Internal Single Door,MCR03,600x1900mm,,,General Door Item
Doors,RKD-IDR_Cubicle Door Placeholder_WC,600x1900mm,RKD-IDR_Cubicle Door Placeholder_WC,,,Internal Single Door,MCR03,600x1900mm,,,General Door Item
Doors,RKD-IDR_Cubicle Door Placeholder_WC,600x1900mm,RKD-IDR_Cubicle Door Placeholder_WC,,,Internal Single Door,MCR03,600x1900mm,,,General Door Item
Doors,RKD-IDR_Cubicle Door Placeholder_WC,600x1900mm,RKD-IDR_Cubicle Door Placeholder_WC,,,Internal Single Door,MCR03,600x1900mm,,,General Door Item
Doors,POC_Timber Door_Unequal Leaf,MD10 (1500x2200),POC_Timber Door_Unequal Leaf,,,Metal frame metal door w/ vision panel in spray paint finish,MCR03,MD10 (1500x2200),,FS1028 Granite Grey PVDF,General Door Item
Doors,POC_Timber Door_Unequal Leaf,MD10 (1500x2200) WITHOUT VISION PANEL,POC_Timber Door_Unequal Leaf,,,Metal frame metal door w/ vision panel in spray paint finish,MCR03,MD10 (1500x2200) WITHOUT VISION PANEL,,FS1028 Granite Grey PVDF,General Door Item
Doors,POC_Timber Door_Unequal Leaf,MD10 (1500x2200) WITHOUT VISION PANEL,POC_Timber Door_Unequal Leaf,,,Metal frame metal door w/ vision panel in spray paint finish,MCR03,MD10 (1500x2200) WITHOUT VISION PANEL,,FS1028 Granite Grey PVDF,General Door Item
Doors,D12,MD3 (900X2200) 2,D12,,,MALE & FEMALT TOILET,MCR03,MD3 (900X2200) 2,,,General Door Item
Doors,D12,MD3 (900X2200) 2,D12,,,MALE & FEMALT TOILET,MCR03,MD3 (900X2200) 2,,,General Door Item
Doors,BCA_SWING DOOR_VISION PANEL INSERT SWING DOOR1,1WaySwing_1000,BCA_SWING DOOR_VISION PANEL INSERT SWING DOOR1,,,METAL FRAME METAL DOOR W/VISION PANEL IN SPRAY PAINT FINISH,MCR03,1WaySwing_1000,,,General Door Item
Doors,Steel Door_Single Leaf,AD5 (1100X2100),Steel Door_Single Leaf,,,Heavy duty aluminum door in powder coated finish,MCR03,AD5 (1100X2100),,Steel,General Door Item
Doors,Steel Door_Single Leaf,AD5 (1100X2100),Steel Door_Single Leaf,,,Heavy duty aluminum door in powder coated finish,MCR03,AD5 (1100X2100),,Steel,General Door Item
Doors,POC_Roller Shutter,RS1 (4000X3200),POC_Roller Shutter,23-17 11 13 25 11,,1HR FIRE RATED GRILLE SHUTTER (MOTORISED),MCR03,RS1 (4000X3200),,,General Door Item
Doors,Steel Door_Double Leaf,MD1 (2000x2400),Steel Door_Double Leaf,,,Soundproofing metal acoustic door,MCR03,MD1 (2000x2400),,Steel,General Door Item
Doors,BCA_Dr-NonResi_2Sized1Leaf1Swing,MD11 (1050x2100),BCA_Dr-NonResi_2Sized1Leaf1Swing,,,1/2HR fire-rated metal frame metal door in spray paint finish,MCR03,MD11 (1050x2100),,,General Door Item
Doors,BCA_Dr-NonResi_2Sized1Leaf1Swing,MD12 (1050x2100),BCA_Dr-NonResi_2Sized1Leaf1Swing,,,Metal frame metal door in spray finish,MCR03,MD12 (1050x2100),,,General Door Item
Doors,BCA_Dr-NonResi_1Leaf1Swing1,MD6 (600x2200)-3,BCA_Dr-NonResi_1Leaf1Swing1,,,Metal frame metal door in spray finish,MCR03,MD6 (600x2200)-3,,,General Door Item
Doors,BCA_Dr-NonResi_1Leaf1Swing1,300X300,BCA_Dr-NonResi_1Leaf1Swing1,,,Metal frame metal door in spray finish,MCR03,300X300,,,General Door Item
Doors,Timber Door Sliding _ Single Leaf with Louver,D420 (1070x2200),Timber Door Sliding _ Single Leaf with Louver,23-17 11 15 10,,Metal frame metal slidign door in spray paint finish,MCR03,D420 (1070x2200),,,General Door Item
Floors,Floor,Screeding-50mmthk.,Floor,C3020100,Floor Toppings & Coatings,50MM THK SCEEDING,MCR04,Screeding-50mmthk.,Floor-Screeding,Floor-Screeding,Floor Finish
Floors,Floor,200 RC SLAB,Floor,C3020100,Floor Toppings & Coatings,Floor Hardener and Sealer.,MCR04,200 RC SLAB,"Concrete, Cast In Situ",Floor-Screeding,Floor Finish
Floors,Floor,FF-1 (300x600 HT LEA3009)(H),Floor,C3020430,Flooring - Tile,300X600 HT-LEA 3009,MCR04,FF-1 (300x600 HT LEA3009)(H),Floor-Screeding,HT-LEA3009,Floor Finish
Floors,Floor,GREEN PAVER,Floor,C,Interiors,EARTH,MCR04,GREEN PAVER,Green Paver,Earth,General Floor Item
Floors,Floor,FF-1 (300x600 HT LEA3009),Floor,,,300x600MM FLOOR TILE,MCR04,FF-1 (300x600 HT LEA3009),Floor-Screeding,HT-LEA3009,Floor Finish
Floors,Floor,FF-3(HT-TRIBECA GRIGO R10-300x600) 2mm(V),Floor,,,300x600MM FLOOR TILE,MCR04,FF-3(HT-TRIBECA GRIGO R10-300x600) 2mm(V),Floor-Screeding,HT-TRIBECA GRIGO R10-300x600,Floor Finish
Floors,Floor,FF-1 (300x600 HT LEA3009)(V),Floor,,,300x600MM FLOOR TILE,MCR04,FF-1 (300x600 HT LEA3009)(V),Floor-Screeding,HT-LEA3009,Floor Finish
Floors,Floor,FF-3(HT-TRIBECA GRIGO R10-300x600),Floor,,,300x600MM FLOOR TILE,MCR04,FF-3(HT-TRIBECA GRIGO R10-300x600),Floor-Screeding,HT-TRIBECA GRIGO R10-300x600,Floor Finish
Floors,Floor,FF-3(HT-TRIBECA GRIGO R10-300x600),Floor,,,300x600MM FLOOR TILE,MCR04,FF-3(HT-TRIBECA GRIGO R10-300x600),Floor-Screeding,HT-TRIBECA GRIGO R10-300x600,Floor Finish
Floors,Floor,FF-2 (Screed with Concrete Sealar),Floor,C3020100,Floor Toppings & Coatings,CONCRETE SEALER,MCR04,FF-2 (Screed with Concrete Sealar),Concrete Sealer,Floor-Screeding,Floor Finish
Floors,Floor,FF-2 (Screed with Concrete Sealar)-80,Floor,,,CONCRETE SEALER,MCR04,FF-2 (Screed with Concrete Sealar)-80,Concrete Sealer,Floor-Screeding,Floor Finish
Floors,Floor,100 RC SLAB,Floor,C3020490,Flooring - Other,COUNTER TOP SUPPORT,MCR04,100 RC SLAB,"Concrete, Cast In Situ(2)",Concrete - Cast In Situ,General Floor Item
Floors,Floor,40 S/S PLATE,Floor,C30,Interior Finishes,LEDGE OUTSIDE SECURITY ROOM,MCR04,40 S/S PLATE,"Concrete, Cast In Situ(3)",Stainless Steel,General Floor Item
Floors,Floor,Tile,Floor,,,SOLID SURFACE FOR TOILET MAINTENANCE LEDGE,MCR04,Tile,<By Category>,Solid Surface,Floor Finish
Floors,Floor,Flr 200,Floor,B1010,Floor Construction,APRON SLAB,MCR04,Flr 200,"Concrete, Cast In Situ",Concrete - Cast In Situ,General Floor Item
Floors,Floor,Gravel,Floor,C3020,Floor Finishes,20-30MM PEBBLES,MCR04,Gravel,Gravel,PEBBLES,Floor Finish
Floors,Floor,Road Marker Yellow,Floor,C3020100,Floor Toppings & Coatings,THERMOPLASTIC ROAD MARKING,MCR04,Road Marker Yellow,Paint - Accessway Markings,Paint - Road Markings,Floor Finish
Floors,Floor,Steel Deck 2,Floor,C3020490,Flooring - Other,BWK 50800 EXPANDED MESH,MCR04,Steel Deck 2,"Steel, Galvanized",Steel - Alvarado -  Mesh,General Floor Item
Floors,Floor,Grass (Planting Verge),Floor,B,Shell,LANDSCAPE,MCR04,Grass (Planting Verge),Grass(Planting Verge),Grass(Planting Verge),General Floor Item
Floors,Floor,Grass (Planting Verge),Floor,B,Shell,LANDSCAPE,MCR04,Grass (Planting Verge),Grass(Planting Verge),Grass(Planting Verge),General Floor Item
Floors,Floor,150,Floor,B1010,Floor Construction,FIRE HYDRANT  - SLAB,MCR04,150,"Concrete, Cast In Situ","Concrete, Cast In Situ",General Floor Item
Floors,Floor,250 S/S PLATE 2,Floor,,,LEDGE OUTSIDE SECURITY ROOM,MCR04,250 S/S PLATE 2,"Concrete, Cast In Situ(3)",Stainless Steel,General Floor Item
Windows,Window 3 panel,W9 (2100x1200),Window 3 panel,B2020110,Windows - Aluminum,1 TIER SLIDING - 3 PANELS,MCR18,W9 (2100x1200),,Aluminum,Sliding Window
Windows,Window 2 Panel,W4 (1850x1200),Window 2 Panel,,,1 TIER SLIDING - 2 PANELS,MCR18,W4 (1850x1200),,Aluminum,Sliding Window
Windows,Window 2 Panel,W2 (1200x1200),Window 2 Panel,,,1 TIER SLIDING - 2 PANELS,MCR18,W2 (1200x1200),,Aluminum,Sliding Window
Windows,Window 2 Panel,W2 (1200x1200),Window 2 Panel,,,1 TIER SLIDING - 2 PANELS,MCR18,W2 (1200x1200),,Aluminum,Sliding Window
Windows,Window 2 Panel,W2 (1200x1200),Window 2 Panel,,,1 TIER SLIDING - 2 PANELS,MCR18,W2 (1200x1200),,Aluminum,Sliding Window
Windows,Window 2 Panel,WD2 (1200x1200),Window 2 Panel,,,1 TIER SLIDING - 2 PANELS,MCR18,WD2 (1200x1200),,Aluminum,Sliding Window
Windows,Window 2 Panel,W5 (900x1200),Window 2 Panel,,,1 TIER SLIDING - 2 PANELS,MCR18,W5 (900x1200),,Aluminum,Sliding Window
Windows,Window 2 Panel,W7 (2000x1200),Window 2 Panel,,,1 TIER SLIDING - 2 PANELS,MCR18,W7 (2000x1200),,Aluminum,Sliding Window
Windows,Window 4 panel,W1 (4200x1200),Window 4 panel,,,1 TIER SLIDING - 4 PANELS,MCR18,W1 (4200x1200),,Aluminum,Sliding Window
Windows,Window 4 panel,W6 (3250x1200),Window 4 panel,,,1 TIER SLIDING - 4 PANELS,MCR18,W6 (3250x1200),,Aluminum,Sliding Window
Windows,Window 4 panel,W8 (4500x1200),Window 4 panel,,,1 TIER SLIDING - 4 PANELS,MCR18,W8 (4500x1200),,Aluminum,Sliding Window
Windows,LOUVERED - 2 PANELS,AL4 (2000x600),LOUVERED - 2 PANELS,,,1 TIER LOUVER - 2 PANELS,MCR18,AL4 (2000x600),,Aluminum,Fixed Louvred Window
Windows,LOUVERED - 2 PANELS,AL10 (2400x500),LOUVERED - 2 PANELS,,,1 TIER LOUVER - 2 PANELS,MCR18,AL10 (2400x500),,Aluminum,Fixed Louvred Window
Windows,LOUVERED - 2 PANELS,AL3 (600x600),LOUVERED - 2 PANELS,,,1 TIER LOUVER - 1 PANELS,MCR18,AL3 (600x600),,Aluminum,Fixed Louvred Window
Windows,LOUVERED - 2 PANELS,AL12 (2000x1500),LOUVERED - 2 PANELS,,,1 TIER LOUVER - 2 PANELS,MCR18,AL12 (2000x1500),,Aluminum,Fixed Louvred Window
Windows,LOUVERED - 2 PANELS,AL15 (800x2000),LOUVERED - 2 PANELS,,,1 TIER LOUVER - 2 PANELS,MCR18,AL15 (800x2000),,Aluminum,Fixed Louvred Window
Windows,Top hung casement double,TW1 (1600x770),Top hung casement double,,,1 TIER TOP HUNG - 2 PANELS,MCR18,TW1 (1600x770),,Aluminum,Top-Hung Window
Windows,Top hung casement double,TW2 (1500X770),Top hung casement double,,,1 TIER TOP HUNG - 2 PANELS,MCR18,TW2 (1500X770),,Aluminum,Top-Hung Window
Windows,Top hung casement double,TW3 (1200x770),Top hung casement double,,,1 TIER TOP HUNG - 2 PANELS,MCR18,TW3 (1200x770),,Aluminum,Top-Hung Window
Windows,Louvres_3 bays,AL7 (2400X1000),Louvres_3 bays,,,1 TIER LOUVER - 3 PANELS,MCR18,AL7 (2400X1000),,Aluminum,Fixed Louvred Window
Windows,Louvres_3 bays,AL7 (2400X1000),Louvres_3 bays,,,1 TIER LOUVER - 3 PANELS,MCR18,AL7 (2400X1000),,Aluminum,Fixed Louvred Window
Windows,Louvres_3 bays,AL7 (2400X1000),Louvres_3 bays,,,1 TIER LOUVER - 3 PANELS,MCR18,AL7 (2400X1000),,Aluminum,Fixed Louvred Window
Windows,Louvres_3 bays,AL7 (2400X1000),Louvres_3 bays,,,1 TIER LOUVER - 3 PANELS,MCR18,AL7 (2400X1000),,Aluminum,Fixed Louvred Window
Windows,Louvres_3 bays,AL7 (2400X1000),Louvres_3 bays,,,1 TIER LOUVER - 3 PANELS,MCR18,AL7 (2400X1000),,Aluminum,Fixed Louvred Window
Windows,Louvres_3 bays,AL7 (2400X1000),Louvres_3 bays,,,1 TIER LOUVER - 3 PANELS,MCR18,AL7 (2400X1000),,Aluminum,Fixed Louvred Window
Windows,LOUVERED - 4 PANELS,AL5 (3800x1600),LOUVERED - 4 PANELS,,,1 TIER LOUVER - 3 PANELS,MCR18,AL5 (3800x1600),,Aluminum,Fixed Louvred Window
Windows,LOUVERED - 4 PANELS,AL1 (4000x600),LOUVERED - 4 PANELS,,,1 TIER LOUVER - 3 PANELS,MCR18,AL1 (4000x600),,Aluminum,Fixed Louvred Window
Windows,LOUVERED - 4 PANELS,AL2 (5000x600),LOUVERED - 4 PANELS,,,1 TIER SLIDING - 4 PANELS,MCR18,AL2 (5000x600),,Aluminum,Sliding Window
Windows,LOUVERED - 4 PANELS,AL2 (5000x600),LOUVERED - 4 PANELS,,,1 TIER SLIDING - 4 PANELS,MCR18,AL2 (5000x600),,Aluminum,Sliding Window
Windows,Louvres_1 bay,AL8 (600X800),Louvres_1 bay,,,1 TIER LOUVER - 1 PANELS,MCR18,AL8 (600X800),,Aluminum,Fixed Louvred Window
Windows,Louvres_1 bay,AL13 (1000x500),Louvres_1 bay,,,1 TIER LOUVER - 1 PANELS,MCR18,AL13 (1000x500),,Aluminum,Fixed Louvred Window
Windows,Louvres_1 bay,AL6 (800x550),Louvres_1 bay,,,1 TIER LOUVER - 1 PANELS,MCR18,AL6 (800x550),,Aluminum,Fixed Louvred Window
Windows,Louvres_1 bay,AL9 (450X450),Louvres_1 bay,,,1 TIER LOUVER - 1 PANELS,MCR18,AL9 (450X450),,Aluminum,Fixed Louvred Window
Windows,Louvres_1 bay,AL14 (1000X1000),Louvres_1 bay,,,1 TIER LOUVER - 1 PANELS,MCR18,AL14 (1000X1000),,Aluminum,Fixed Louvred Window
Windows,Louvres_1 bay,AL19 (450x470),Louvres_1 bay,,,1 TIER LOUVER - 1 PANELS,MCR18,AL19 (450x470),,Aluminum,Fixed Louvred Window
Windows,Security Room W7A,WD7 (2000x1200),Security Room W7A,,,2 TIER SILDING - 4 PANELS,MCR18,WD7 (2000x1200),,Aluminum,Sliding Window
Planting,,,RPC Tree - Deciduous,,,,,,,,Tree
Planting,,,RPC Tree - Deciduous1,,,,,,,,Tree
Planting,,,RPC Tree - Fall,,,,,,,,Tree
Furniture,Chair-Desk,Chair-Desk,Chair-Desk,E2020200,Furniture & Accessories,MID BACK MESH CHAIR WITH ARMREST,MCR06,Chair-Desk,,Black Leather,"Furniture, Fitting"
Furniture,Chair-Desk,Chair-Desk,Chair-Desk,E2020200,Furniture & Accessories,MID BACK MESH CHAIR WITH ARMREST,MCR06,Chair-Desk,,Black Leather,"Furniture, Fitting"
Furniture,Desk-Guard Post,800x1500,Desk-Guard Post,E2020200,Furniture & Accessories,T2 SERIES - RECTANGULAR TABLE WITH WOODEN MODESTY PANEL,MCR06,800x1500,,Wood-ladderback chair,"Furniture, Fitting"
Furniture,Desk-Guard Post,800x1500,Desk-Guard Post,E2020200,Furniture & Accessories,T2 SERIES - RECTANGULAR TABLE WITH WOODEN MODESTY PANEL,MCR06,800x1500,,Wood-ladderback chair,"Furniture, Fitting"
Furniture,Low Cabinet_FAA,Low Cabinet_FAA,Low Cabinet_FAA,E2020200,Furniture & Accessories,LOW HEIGHT STEEL SWING DOOR CABINET,MCR06,Low Cabinet_FAA,,Steel,"Furniture, Fitting"
Furniture,Table-Rectangular,1400x5600,Table-Rectangular,E2020200,Furniture & Accessories,MEETING ROOM TABLE,MCR06,1400x5600,,Steel,"Furniture, Fitting"
Furniture,Simple_examination_couch_10807,Simple_examination_couch_10807,Simple_examination_couch_10807,E2020200,Furniture & Accessories,FIRST AID COUCH,MCR06,Simple_examination_couch_10807,,Black Leather,"Furniture, Fitting"
Furniture,NBS_GarranLockersLtd_Lckrs_EquipmentLockers,381L x 457D x 1828H,NBS_GarranLockersLtd_Lckrs_EquipmentLockers,126.5,,Emergency service locker,MCR06,381L x 457D x 1828H,,Steel,"Furniture, Fitting"
Furniture,SOFA_-_LOVESEAT_20370,SOFA_-_LOVESEAT_20370,SOFA_-_LOVESEAT_20370,,,SOFA,MCR06,SOFA_-_LOVESEAT_20370,,FABRIC,"Furniture, Fitting"
Furniture,Reece_Chair_18706,Reece_Chair_18706,Reece_Chair_18706,E2020200,Furniture & Accessories,Type Catalog,MCR06,Reece_Chair_18706,,FABRIC,"Furniture, Fitting"
Furniture,Table_with_8_ladderback_chairs_4708 (1),740X1180X750,Table_with_8_ladderback_chairs_4708 (1),,,DINNING TABLE,MCR06,740X1180X750,,WOOD,Furniture System
Furniture,HermanMiller_Seating_Embody_WorkChair,Std-Ht Fully Adj Arms,HermanMiller_Seating_Embody_WorkChair,E2020200,Furniture & Accessories,MID BACK MESH CHAIR WITH ARMREST,Embody Chair,Std-Ht Fully Adj Arms,,FABRIC,"Furniture, Fitting"
Furniture,HermanMiller_Seating_Embody_WorkChair,Std-Ht Fully Adj Arms,HermanMiller_Seating_Embody_WorkChair,E2020200,Furniture & Accessories,MID BACK MESH CHAIR WITH ARMREST,Embody Chair,Std-Ht Fully Adj Arms,,FABRIC,"Furniture, Fitting"
Furniture,Low Cabinet_Guard Post,Low Cabinet_Guard Post,Low Cabinet_Guard Post,,,PEDESTAL DRAWER,MCR06,Low Cabinet_Guard Post,,Steel,"Furniture, Fitting"
Furniture,Low Cabinet_Guard Post,Low Cabinet_Guard Post,Low Cabinet_Guard Post,,,PEDESTAL DRAWER,MCR06,Low Cabinet_Guard Post,,Steel,"Furniture, Fitting"
Furniture,Hight Cabinet_FAA,Hight Cabinet_FAA,Hight Cabinet_FAA,,,FULL HEIGHT STEEL SWING DOOR CABINET,MCR06,Hight Cabinet_FAA,,Steel,"Furniture, Fitting"
Furniture,Hight Cabinet_FAA,Hight Cabinet_FAA,Hight Cabinet_FAA,,,FULL HEIGHT STEEL SWING DOOR CABINET,MCR06,Hight Cabinet_FAA,,Steel,"Furniture, Fitting"
Plumbing Fixtures,WASH BASIN LU3310A ,AR_SAN-001_440 x 350mm,WASH BASIN LU3310A,C1030210,Bath & Toilet Accessories - Commercial,UNDERCOUNTER LAVATORY,MCR09,AR_SAN-001_440 x 350mm,,Steel,Basin
Plumbing Fixtures,WASH BASIN LU3310A ,AR_SAN-001_440 x 350mm,WASH BASIN LU3310A,C1030210,Bath & Toilet Accessories - Commercial,UNDERCOUNTER LAVATORY,MCR09,AR_SAN-001_440 x 350mm,,Steel,Basin
Plumbing Fixtures,OMC2-TOTO-Handwash Basin-wtith auto sensor,TOTO-Handwash Basin-LW236J-LW242HFJ,OMC2-TOTO-Handwash Basin-wtith auto sensor,,,WALL HUNG LAVATORY,MCR09,TOTO-Handwash Basin-LW236J-LW242HFJ,,Water Closet - Ceramic,Basin
Plumbing Fixtures,LOUIS-Grab Bar-LGF7010,STAINLESS STEEL SWING-UP GRAB BAR,LOUIS-Grab Bar-LGF7010,,,STAINLESS STEEL SWING UP GRAB BAR,MCR09,STAINLESS STEEL SWING-UP GRAB BAR,,Stainless Steel,General Plumbing Fixture Item
Plumbing Fixtures,LOUIS-Grab Bar-LGF7010,STAINLESS STEEL SWING-UP GRAB BAR,LOUIS-Grab Bar-LGF7010,,,STAINLESS STEEL SWING UP GRAB BAR,MCR09,STAINLESS STEEL SWING-UP GRAB BAR,,Stainless Steel,General Plumbing Fixture Item
Plumbing Fixtures,LOUIS-Grab Bar-LGC12075-76,LOUIS-Grab Bar-LGC12075-76,LOUIS-Grab Bar-LGC12075-76,,,HANDICAP GRAB BAR,MCR09,LOUIS-Grab Bar-LGC12075-76,,Stainless Steel,General Plumbing Fixture Item
Plumbing Fixtures,LOUIS-Grab Bar-LGC12075-76,LOUIS-Grab Bar-LGC12075-76,LOUIS-Grab Bar-LGC12075-76,,,HANDICAP GRAB BAR,MCR09,LOUIS-Grab Bar-LGC12075-76,,Stainless Steel,General Plumbing Fixture Item
Plumbing Fixtures,LOUIS-Shower Seat-LSS5334,LOUIS-Shower Seat-LSS5334,LOUIS-Shower Seat-LSS5334,,,SHOWER SEAT,MCR09,LOUIS-Shower Seat-LSS5334,,Nylon,Water Closet
Plumbing Fixtures,TOTO-Shower Fittings-TX433SJN n  LOUIS E1,TOTO-Shower Fittings-TX433SJN n  LOUIS E301001,TOTO-Shower Fittings-TX433SJN n LOUIS E1,,,CONCEALED SHOWER MIXER,MCR09,TOTO-Shower Fittings-TX433SJN n  LOUIS E301001,,BRASS WITH CHROME FINISHING,Shower
Plumbing Fixtures,LOUIS-Grab Bar-LGL75L80,LOUIS-Grab Bars-LGL75L80,LOUIS-Grab Bar-LGL75L80,,,HANDICAP GRAB BAR,MCR09,LOUIS-Grab Bars-LGL75L80,,Stainless Steel,General Plumbing Fixture Item
Plumbing Fixtures,LOUIS-Toilet Accessories-PC245HC,LOUIS-Toilet Accessories-PC245HC,LOUIS-Toilet Accessories-PC245HC,,,ROBE HOOK,MCR09,LOUIS-Toilet Accessories-PC245HC,,Stainless Steel,General Plumbing Fixture Item
Plumbing Fixtures,LOUIS-Toilet Accessories-PC245HC,LOUIS-Toilet Accessories-PC245HC,LOUIS-Toilet Accessories-PC245HC,,,ROBE HOOK,MCR09,LOUIS-Toilet Accessories-PC245HC,,Stainless Steel,General Plumbing Fixture Item
Plumbing Fixtures,RIGEL WH2105BP WALL HUNG WC,RIGEL WH2105BP WALL HUNG WC,RIGEL WH2105BP WALL HUNG WC,,,PEDESTAL WATER CLOSET,MCR09,RIGEL WH2105BP WALL HUNG WC,,Water Closet - Ceramic,Water Closet
Plumbing Fixtures,RIGEL WH2105BP WALL HUNG WC,RIGEL WH2105BP WALL HUNG WC,RIGEL WH2105BP WALL HUNG WC,,,PEDESTAL WATER CLOSET,MCR09,RIGEL WH2105BP WALL HUNG WC,,Water Closet - Ceramic,Water Closet
Plumbing Fixtures,LOUIS-Grab Bar-LG4545-Vertical,TOTO-Grab Bar-LG4545-Vertical,LOUIS-Grab Bar-LG4545-Vertical,,,HANDICAP GRAB BAR,MCR09,TOTO-Grab Bar-LG4545-Vertical,,Stainless Steel,General Plumbing Fixture Item
Plumbing Fixtures,LOUIS-Grab Bar-LG4545-Vertical,TOTO-Grab Bar-LG4545-Vertical,LOUIS-Grab Bar-LG4545-Vertical,,,HANDICAP GRAB BAR,MCR09,TOTO-Grab Bar-LG4545-Vertical,,Stainless Steel,General Plumbing Fixture Item
Plumbing Fixtures,TOTO_Bidet Spray_TX403SMCRB,TOTO_Bidet Spray_TX403SMCRB,TOTO_Bidet Spray_TX403SMCRB,,,HAND BIDET SPRAYER WITH METALLIC PVC HOSE,MCR09,TOTO_Bidet Spray_TX403SMCRB,,Metal - Chrome Polished,Bidet and Bidet Shower
Plumbing Fixtures,TOTO_Bidet Spray_TX403SMCRB,TOTO_Bidet Spray_TX403SMCRB,TOTO_Bidet Spray_TX403SMCRB,,,HAND BIDET SPRAYER WITH METALLIC PVC HOSE,MCR09,TOTO_Bidet Spray_TX403SMCRB,,Metal - Chrome Polished,Bidet and Bidet Shower
Plumbing Fixtures,ISI_IdealStandard_WCPans_Tempo_T3279,T3279 - Tempo back to wall WC pan with horizontal outlet,ISI_IdealStandard_WCSeats_Tempo_SeatAndCover,C1030200,Bath & Toilet Accessories,"Tempo seat & cover,  slow close",NA,"T697301 - Tempo Seat & Cover, Slow Close",,<By Category>,Water Closet
Plumbing Fixtures,ISI_IdealStandard_WCPans_Tempo_T3279,T3279 - Tempo back to wall WC pan with horizontal outlet,ISI_IdealStandard_WCPans_Tempo_T3279,C1030200,Bath & Toilet Accessories,Tempo back-to-wall wc pan with horizontal outlet,MCR09,T3279 - Tempo back to wall WC pan with horizontal outlet,,Water Closet - Ceramic,Water Closet
Plumbing Fixtures,Sanitary-Equipment_Duravit_Urinal-Ben_084737,084737 White Alpin,Sanitary-Equipment_Duravit_Urinal-Ben_084737,,,WALL HUNG URINAL,MCR09,084737 White Alpin,,Water Closet - Ceramic,Urinal
Plumbing Fixtures,OMC2-TOTO-Handwash Basin-LW236J-LW242HFJ,TOTO-Handwash Basin-LW236J-LW242HFJ,OMC2-TOTO-Handwash Basin-LW236J-LW242HFJ,,,WALL HUNG LAVATORY,MCR09,TOTO-Handwash Basin-LW236J-LW242HFJ,,Water Closet - Ceramic,Basin
Plumbing Fixtures,TOTO-Flush Valve-TEF75LSV3,TEF75LSV3_E.BOX ON,TOTO-Flush Valve-TEF75LSV3,,,SENSE FLUSH VALVE - CONCEALED BOX,MCR09,TEF75LSV3_E.BOX ON,,Steel,Water Closet
Plumbing Fixtures,ASH_ArmitageShanks_Sinks_Stewart,"S6006 - Stewart Inset Sink, Single Bowl - Right Hand Drainer",ASH_ArmitageShanks_PillarTaps_Markwik_S8265,C1030200,Bath & Toilet Accessories,"Markwik Â½ high neck pillar taps h &c""",MCR09,"S8265AA - Markwik Â½ High Neck Pillar Taps H & C""",,Stainless Steel,Tapware
Plumbing Fixtures,ASH_ArmitageShanks_Sinks_Stewart,"S6006 - Stewart Inset Sink, Single Bowl - Right Hand Drainer",ASH_ArmitageShanks_Sinks_Stewart,C1030200,Bath & Toilet Accessories,"Stewart inset sink, single bowl, right hand drainer",MCR09,"S6006 - Stewart Inset Sink, Single Bowl - Right Hand Drainer",,Stainless Steel,Tapware
Plumbing Fixtures,Sink_Service-Floor_Mount-Zurn-Z5420,Z5420,Sink_Service-Floor_Mount-Zurn-Z5420,D2010310,Lavatories - Single,"Floor-Mounted, Siphon Jet Vitreous China Service Sink",MCR09,Z5420,,Water Closet - Ceramic,Water Closet
Plumbing Fixtures,Deck Mounted Sensor Tap,Line-sensor Technology Sensor Faucet,Deck Mounted Sensor Tap, ,,"Sensor Tap, Deck Mounted",MCR09,Line-sensor Technology Sensor Faucet,,BRASS WITH CHROME FINISHING,Tapware
Plumbing Fixtures,Rigel-Flush Valve-W3-R-AFS202CLTV1,TEF75LSV3_E.BOX ON,Rigel-Flush Valve-W3-R-AFS202CLTV1,,,URINAL SENSE FLUSH VALVE -CONCEALED BOX,MCR09,TEF75LSV3_E.BOX ON,,Stainless Steel,General Plumbing Fixture Item
Plumbing Fixtures,HAND DRYER,HANDDRYER,HAND DRYER,,,WALL MOUNTED HIGH SPEED HAND DRYER,MCR09,HANDDRYER,,ABS CASING,General Plumbing Fixture Item
Plumbing Fixtures,grab Bar-LG4545-Vertical,TOTO-Grab Bar-LG4545-Vertical,grab Bar-LG4545-Vertical,,,STRAIGHT GRAB BAR,MCR09,TOTO-Grab Bar-LG4545-Vertical,,Stainless Steel,General Plumbing Fixture Item
Plumbing Fixtures,TP_Holder_Jumbo_Double_7195,TP_Holder_Jumbo_Double_7195,TP_Holder_Jumbo_Double_7195,,,"SURFACE MOUNTED 9 TWIN ROLL DOUBLE PAPER HOLDER""",MCR09,TP_Holder_Jumbo_Double_7195,,ABS CASING,General Plumbing Fixture Item
Plumbing Fixtures,TP_Holder_Jumbo_Double_7195,TP_Holder_Jumbo_Double_7195,TP_Holder_Jumbo_Double_7195,,,"SURFACE MOUNTED 9 TWIN ROLL DOUBLE PAPER HOLDER""",MCR09,TP_Holder_Jumbo_Double_7195,,ABS CASING,General Plumbing Fixture Item
Plumbing Fixtures,Soap_Dispenser_11246,Soap_Dispenser_11246,Soap_Dispenser_11246,,,MANUAL SOAP DISPENSER,MCR09,Soap_Dispenser_11246,,ABS CASING,General Plumbing Fixture Item
Plumbing Fixtures,Soap_Dispenser_11246,Soap_Dispenser_11246,Soap_Dispenser_11246,,,MANUAL SOAP DISPENSER,MCR09,Soap_Dispenser_11246,,ABS CASING,General Plumbing Fixture Item
Plumbing Fixtures,EXPOSED MOUNT WASTE RECEPTACLE,BOBRICK B-43944 SEMI-RECESSED TOWEL DISP & WASTE RECEPT,EXPOSED MOUNT WASTE RECEPTACLE,,,WALL MOUNTED WASTE RECEPTACLE,MCR09,BOBRICK B-43944 SEMI-RECESSED TOWEL DISP & WASTE RECEPT,,Stainless Steel,General Plumbing Fixture Item
Plumbing Fixtures,Sanitary_Taps-Mixers_Gessi_54110,Default,Sanitary_Taps-Mixers_Gessi_54110,,,WALL MOUNTED BIB TAP WITH LONG SWIVEL SPOUT,MCR09,Default,,BRASS WITH CHROME FINISHING,Tapware
Specialty Equipment,,,Roof_Ladder-with_Cage_6650,,,,,,,,General Speciality Equipment Item
Specialty Equipment,,,Roof_Ladder-with_Cage_2849,,,,,,,,General Speciality Equipment Item
Specialty Equipment,,,Roof_Ladder-with_Cage_2849,,,,,,,,General Speciality Equipment Item
Specialty Equipment,,,Roof_Ladder-with_Cage_2849,,,,,,,,General Speciality Equipment Item
Specialty Equipment,Gate-Pedestrian-Alvarado-MSGX,FENCING DOOR,Gate-Pedestrian-Alvarado-MSGX,E1010110,Security Equipment,MSG Full Height Pedestrian Security Gate,FENCING DOOR,FENCING DOOR,,,General Speciality Equipment Item
Specialty Equipment,,,Roof_Ladder-with_Cage_Hydrant Tank @ 2400,,,,,,,,General Speciality Equipment Item
Specialty Equipment,,,Refridgerator,,,,,,,,Refrigerator
Specialty Equipment,,,Catladder 1,,,,,,,,General Speciality Equipment Item
Specialty Equipment,,,Catladder @ Wall,,,,,,,,General Speciality Equipment Item
Specialty Equipment,,,Bolt assembly,,,,,,,,Specialist M&E Appliance and Equipment
Specialty Equipment,,,FAA_MCB_Roof_Ladder-with_Cage,,,,,,,,General Speciality Equipment Item
Specialty Equipment,Anemometer,Anemometer,Anemometer,E1090900,Other Equipment,WIND ANEMOMETER,MCR14,Anemometer,,,Specialist M&E Appliance and Equipment
Specialty Equipment,,,WINDSOCK_21706,,,,,,,,General Speciality Equipment Item
Specialty Equipment,,,WINDSOCK_21706,,,,,,,,General Speciality Equipment Item
Specialty Equipment,Bicycle Parking,Bicycle Parking,Bicycle Parking,E1030900,Other Vehicular Equipment,Double Loop Bick Rack,MCR14,Bicycle Parking,,,General Speciality Equipment Item
Lighting Fixtures,,,AUS_Arup_Recessed_Rectangular,,,,,,,,Lighting Fixture
Lighting Fixtures,,,AUS_Arup_Recessed_Rectangular,,,,,,,,Lighting Fixture
Lighting Fixtures,,,AUS_Arup_Recessed_Rectangular,,,,,,,,Lighting Fixture
Lighting Fixtures,,,AUS_Arup_Recessed_Rectangular,,,,,,,,Lighting Fixture
Lighting Fixtures,,,AUS_Arup_Recessed_Rectangular,,,,,,,,Lighting Fixture
Lighting Fixtures,,,AUS_Arup_Recessed_Rectangular,,,,,,,,Lighting Fixture
Lighting Fixtures,,,AUS_Arup_Recessed_Rectangular,,,,,,,,Lighting Fixture
Lighting Fixtures,,,AUS_Arup_Recessed_Rectangular,,,,,,,,Lighting Fixture
Lighting Fixtures,,,AUS_Arup_Recessed_Rectangular,,,,,,,,Lighting Fixture
Lighting Fixtures,,,AUS_Arup_Recessed_Rectangular,,,,,,,,Lighting Fixture
Lighting Fixtures,,,AUS_Arup_Recessed_Rectangular,,,,,,,,Lighting Fixture
Lighting Fixtures,,,AUS_Arup_Recessed_Rectangular,,,,,,,,Lighting Fixture
Lighting Fixtures,,,AUS_Arup_Recessed_Rectangular,,,,,,,,Lighting Fixture
Lighting Fixtures,,,AUS_Arup_Recessed_Rectangular,,,,,,,,Lighting Fixture
Lighting Fixtures,,,AUS_Arup_Recessed_Rectangular,,,,,,,,Lighting Fixture
Lighting Fixtures,,,AUS_Arup_Recessed_Rectangular,,,,,,,,Lighting Fixture
Lighting Fixtures,,,AUS_Arup_Recessed_Rectangular,,,,,,,,Lighting Fixture
Lighting Fixtures,,,AUS_Arup_Recessed_Rectangular,,,,,,,,Lighting Fixture
Lighting Fixtures,,,AUS_Arup_Recessed_Rectangular,,,,,,,,Lighting Fixture
Lighting Fixtures,,,AUS_Arup_Recessed_Rectangular,,,,,,,,Lighting Fixture
Lighting Fixtures,,,AUS_Arup_Recessed_Rectangular,,,,,,,,Lighting Fixture
Lighting Fixtures,,,AUS_Arup_Recessed_Rectangular,,,,,,,,Lighting Fixture
Lighting Fixtures,,,AUS_Arup_Recessed_Rectangular,,,,,,,,Lighting Fixture
Lighting Fixtures,,,AUS_Arup_Recessed_Rectangular,,,,,,,,Lighting Fixture
Lighting Fixtures,,,AUS_Arup_Recessed_Rectangular,,,,,,,,Lighting Fixture
Lighting Fixtures,,,AUS_Arup_Recessed_Rectangular,,,,,,,,Lighting Fixture
Lighting Fixtures,,,AUS_Arup_Recessed_Rectangular,,,,,,,,Lighting Fixture
Lighting Fixtures,,,AUS_Arup_Recessed_Rectangular,,,,,,,,Lighting Fixture
Lighting Fixtures,,,AUS_Arup_Recessed_Rectangular,,,,,,,,Lighting Fixture
Lighting Fixtures,,,UFO,,,,,,,,Lighting Fixture
Lighting Fixtures,,,UFO,,,,,,,,Lighting Fixture
Lighting Fixtures,,,UFO,,,,,,,,Lighting Fixture
Lighting Fixtures,,,UFO,,,,,,,,Lighting Fixture
Lighting Fixtures,,,UFO,,,,,,,,Lighting Fixture
Lighting Fixtures,,,UFO,,,,,,,,Lighting Fixture
Lighting Fixtures,,,UFO,,,,,,,,Lighting Fixture
Lighting Fixtures,,,UFO,,,,,,,,Lighting Fixture
Lighting Fixtures,,,UFO,,,,,,,,Lighting Fixture
Lighting Fixtures,,,UFO,,,,,,,,Lighting Fixture
Lighting Fixtures,,,UFO,,,,,,,,Lighting Fixture
Lighting Fixtures,,,UFO,,,,,,,,Lighting Fixture
Lighting Fixtures,,,UFO,,,,,,,,Lighting Fixture
Lighting Fixtures,,,UFO,,,,,,,,Lighting Fixture
Lighting Fixtures,,,UFO,,,,,,,,Lighting Fixture
Lighting Fixtures,,,UFO,,,,,,,,Lighting Fixture
Lighting Fixtures,,,UFO,,,,,,,,Lighting Fixture
Lighting Fixtures,,,UFO,,,,,,,,Lighting Fixture
Lighting Fixtures,,,UFO,,,,,,,,Lighting Fixture
Lighting Fixtures,,,UFO,,,,,,,,Lighting Fixture
Lighting Fixtures,,,UFO,,,,,,,,Lighting Fixture
Lighting Fixtures,,,UFO,,,,,,,,Lighting Fixture
Lighting Fixtures,,,DownLight Toilet,,,,,,,,Lighting Fixture
Lighting Fixtures,,,DownLight Toilet,,,,,,,,Lighting Fixture
Lighting Fixtures,,,DownLight Toilet,,,,,,,,Lighting Fixture
Lighting Fixtures,,,DownLight Toilet,,,,,,,,Lighting Fixture
Lighting Fixtures,,,DownLight Toilet,,,,,,,,Lighting Fixture
Lighting Fixtures,,,DownLight Toilet,,,,,,,,Lighting Fixture
Lighting Fixtures,,,DownLight Toilet,,,,,,,,Lighting Fixture
Lighting Fixtures,,,DownLight Toilet,,,,,,,,Lighting Fixture
Lighting Fixtures,,,DownLight Toilet,,,,,,,,Lighting Fixture
Lighting Fixtures,,,DownLight Toilet,,,,,,,,Lighting Fixture
Lighting Fixtures,,,DownLight Toilet,,,,,,,,Lighting Fixture
Lighting Fixtures,,,DownLight Toilet,,,,,,,,Lighting Fixture
Lighting Fixtures,,,DownLight Toilet,,,,,,,,Lighting Fixture
Lighting Fixtures,,,DownLight Toilet,,,,,,,,Lighting Fixture
Lighting Fixtures,,,DownLight Toilet,,,,,,,,Lighting Fixture
Lighting Fixtures,,,DownLight Toilet,,,,,,,,Lighting Fixture
Lighting Fixtures,,,DownLight Toilet,,,,,,,,Lighting Fixture
Lighting Fixtures,,,DownLight Toilet,,,,,,,,Lighting Fixture
Lighting Fixtures,,,DownLight Toilet,,,,,,,,Lighting Fixture
Lighting Fixtures,,,DownLight Toilet,,,,,,,,Lighting Fixture
Lighting Fixtures,,,DownLight Toilet,,,,,,,,Lighting Fixture
Lighting Fixtures,,,DownLight Toilet,,,,,,,,Lighting Fixture
Lighting Fixtures,,,DownLight Toilet,,,,,,,,Lighting Fixture
Lighting Fixtures,,,DownLight Toilet,,,,,,,,Lighting Fixture
Lighting Fixtures,,,DownLight Toilet,,,,,,,,Lighting Fixture
Lighting Fixtures,,,DownLight Toilet,,,,,,,,Lighting Fixture
Lighting Fixtures,,,DownLight Toilet,,,,,,,,Lighting Fixture
Lighting Fixtures,,,DownLight Toilet,,,,,,,,Lighting Fixture
Lighting Fixtures,,,DownLight Toilet,,,,,,,,Lighting Fixture
Lighting Fixtures,,,DownLight Toilet,,,,,,,,Lighting Fixture
Lighting Fixtures,,,DownLight Toilet,,,,,,,,Lighting Fixture
Lighting Fixtures,L01 - 1200mm LED Luminaire With Integrated LED Driver,Arup_Luminaire LED_Suspended_Rect Profile_SG [4108905],Arup_MaintenanceZone_Rectangular,,,NA,MCR07,Default,,<By Category>,Lighting Fixture
Lighting Fixtures,L01 - 1200mm LED Luminaire With Integrated LED Driver,Arup_Luminaire LED_Suspended_Rect Profile_SG [4108962],Arup_MaintenanceZone_Rectangular,,,NA,MCR07,Default,,<By Category>,Lighting Fixture
Lighting Fixtures,L01 - 1200mm LED Luminaire With Integrated LED Driver,Arup_Luminaire LED_Suspended_Rect Profile_SG [4109015],Arup_MaintenanceZone_Rectangular,,,NA,MCR07,Default,,<By Category>,Lighting Fixture
Lighting Fixtures,L01 - 1200mm LED Luminaire With Integrated LED Driver,Arup_Luminaire LED_Suspended_Rect Profile_SG [4109060],Arup_MaintenanceZone_Rectangular,,,NA,MCR07,Default,,<By Category>,Lighting Fixture
Lighting Fixtures,,,UFO1,,,,,,,,Lighting Fixture
Lighting Fixtures,,,UFO1,,,,,,,,Lighting Fixture
Lighting Fixtures,,,UFO1,,,,,,,,Lighting Fixture
Lighting Fixtures,,,UFO1,,,,,,,,Lighting Fixture
Lighting Fixtures,Exit Light WT Arrow black color,Wall/Surface,Exit Light WT Arrow black color,D5020200,Lighting Equipment,Exit Illumination Sign,,Wall/Surface,,,Lighting Fixture
Lighting Fixtures,Exit Light WT Arrow black color,Wall/Surface,Exit Light WT Arrow black color,D5020200,Lighting Equipment,Exit Illumination Sign,,Wall/Surface,,,Lighting Fixture
Lighting Fixtures,Exit Light WT BI Direction,Wall/Surface,Exit Light WT BI Direction,D5020200,Lighting Equipment,Exit Illumination Sign,,Wall/Surface,,,Lighting Fixture
Lighting Fixtures,MOTION DETECTOR,Motion Sensor Switches,MOTION DETECTOR,,,,,Motion Sensor Switches,,,Lighting Fixture
Lighting Fixtures,MOTION DETECTOR1,Motion Sensor Switches 2,MOTION DETECTOR1,,,,,Motion Sensor Switches 2,,,Lighting Fixture
Lighting Fixtures,MOTION DETECTOR1,Motion Sensor Switches,MOTION DETECTOR1,,,,,Motion Sensor Switches,,,Lighting Fixture
Lighting Fixtures,MOTION DETECTOR1,Motion Sensor Switches,MOTION DETECTOR1,,,,,Motion Sensor Switches,,,Lighting Fixture
Mechanical Equipment,Arup_Direct Expansion Indoor_Cassette_Cooling_SG1,FXFQ50AVM 2,Arup_Direct Expansion Indoor_Cassette_Cooling_SG1,,,Direct Expansion Indoor Cooling Cassette,,FXFQ50AVM 2,,<By Category>,Air Conditioning Unit
Mechanical Equipment,Arup_Direct Expansion Indoor_Cassette_Cooling_SG1,FXFQ50AVM 2,Arup_Direct Expansion Indoor_Cassette_Cooling_SG1,,,Direct Expansion Indoor Cooling Cassette,,FXFQ50AVM 2,,<By Category>,Air Conditioning Unit
Mechanical Equipment,Arup_Direct Expansion Indoor_Cassette_Cooling_SG1,FXFQ50AVM 2,Arup_Direct Expansion Indoor_Cassette_Cooling_SG1,,,Direct Expansion Indoor Cooling Cassette,,FXFQ50AVM 2,,<By Category>,Air Conditioning Unit
Mechanical Equipment,Arup_Direct Expansion Indoor_Cassette_Cooling_SG1,FXFQ50AVM 2,Arup_Direct Expansion Indoor_Cassette_Cooling_SG1,,,Direct Expansion Indoor Cooling Cassette,,FXFQ50AVM 2,,<By Category>,Air Conditioning Unit
Mechanical Equipment,Arup_Direct Expansion Indoor_Cassette_Cooling_SG1,FXFQ50AVM 2,Arup_Direct Expansion Indoor_Cassette_Cooling_SG1,,,Direct Expansion Indoor Cooling Cassette,,FXFQ50AVM 2,,<By Category>,Air Conditioning Unit
Mechanical Equipment,Arup_Direct Expansion Indoor_Cassette_Cooling_SG1,PLFY-P32VEM-PA,Arup_Direct Expansion Indoor_Cassette_Cooling_SG1,,,Direct Expansion Indoor Cooling Cassette,,PLFY-P32VEM-PA,,<By Category>,Air Conditioning Unit
Mechanical Equipment,Arup_Direct Expansion Indoor_Cassette_Cooling_SG1,FXFQ50AVM,Arup_Direct Expansion Indoor_Cassette_Cooling_SG1,,,Direct Expansion Indoor Cooling Cassette,,FXFQ50AVM,,<By Category>,Air Conditioning Unit
Mechanical Equipment,Cassette Aircon,FXFQ50LUV1,Cassette Aircon,23-33 37 11,,PEU - Cassette Type,,FXFQ50LUV1,,<By Category>,Air Conditioning Unit
Mechanical Equipment,Cassette Aircon,FXFQ50LUV1,Cassette Aircon,23-33 37 11,,PEU - Cassette Type,,FXFQ50LUV1,,<By Category>,Air Conditioning Unit
Mechanical Equipment,Arup_Direct Expansion Indoor_Cassette_Cooling_SG2,FXFQ50AVM 3,Arup_Direct Expansion Indoor_Cassette_Cooling_SG2,,,Direct Expansion Indoor Cooling Cassette,,FXFQ50AVM 3,,<By Category>,Air Conditioning Unit
Fire Alarm Devices,POC_Fire Alarm Visual Indicator,POC_Fire Alarm Visual Indicator,POC_Fire Alarm Visual Indicator,,,,,POC_Fire Alarm Visual Indicator,,,Fire Alarm Fixture and Device
Fire Alarm Devices,POC_Fire Alarm Visual Indicator,POC_Fire Alarm Visual Indicator,POC_Fire Alarm Visual Indicator,,,,,POC_Fire Alarm Visual Indicator,,,Fire Alarm Fixture and Device
Fire Alarm Devices,POC_Fire Alarm Visual Indicator,POC_Fire Alarm Visual Indicator,POC_Fire Alarm Visual Indicator,,,,,POC_Fire Alarm Visual Indicator,,,Fire Alarm Fixture and Device
Fire Alarm Devices,POC_Fire Alarm Visual Indicator1,POC_Fire Alarm Visual Indicator,POC_Fire Alarm Visual Indicator1,,,,,POC_Fire Alarm Visual Indicator,,,Fire Alarm Fixture and Device
Fire Alarm Devices,POC_Fire Alarm Visual Indicator2,POC_Fire Alarm Visual Indicator 2,POC_Fire Alarm Visual Indicator2,,,Strobe light,,POC_Fire Alarm Visual Indicator 2,,,Fire Alarm Fixture and Device
Pipe Accessories,POC_Floor Trap Cover,FT,POC_Floor Trap Cover,,,Floor Trap Cover,,FT,,,Sanitary Fitting
Pipe Accessories,POC_Floor Trap Cover,FT,POC_Floor Trap Cover,,,Floor Trap Cover,,FT,,,Sanitary Fitting
Structural Framing,PFC-Parallel Flange Channels,PFC200x90x30,PFC-Parallel Flange Channels,B1020362,Steel Beams w/ Steel Joists,S355 JR,,PFC200x90x30,Metal - Steel - 345 MPa,<By Category>,Beam
Structural Framing,PFC-Parallel Flange Channels1,PFC100x50x8.5,PFC-Parallel Flange Channels1,B1020362,Steel Beams w/ Steel Joists,,,PFC100x50x8.5,Metal - Steel - 345 MPa,<By Category>,Beam
Structural Framing,PFC-Parallel Flange Channels1,PFC100x50x8.5,PFC-Parallel Flange Channels1,B1020362,Steel Beams w/ Steel Joists,,,PFC100x50x8.5,Metal - Steel - 345 MPa,<By Category>,Beam
Structural Framing,UB-Universal Beams,SB4 UB457x191x74,UB-Universal Beams,B1020362,Steel Beams w/ Steel Joists,,Steel 43-275,SB4 UB457x191x74,Metal - Steel - 345 MPa,<By Category>,Beam
Structural Framing,UB-Universal Beams,UB533x210x92,UB-Universal Beams,B1020362,Steel Beams w/ Steel Joists,,Steel 43-275,UB533x210x92,Metal - Steel - 345 MPa,<By Category>,Beam
Structural Foundations,,,FOOTING,,,,,,,,Strip Footing
Structural Foundations,,,FOOTING,,,,,,,,Strip Footing
Structural Foundations,,,FOOTING,,,,,,,,Strip Footing
Structural Foundations,,,FOOTING,,,,,,,,Strip Footing
Parking,FAA_Pedestrian_Crossing,FAA_Pedestrian_Crossing,FAA_Pedestrian_Crossing,,,,,FAA_Pedestrian_Crossing,,<By Category>,Parking
Electrical Fixtures,,,GATE CONTROL BUTTOM,,,,,,,,Access Control Management Fixture and Device
Pipes,,,Pipe Types,,,,,,,,Pipe
Pipes,,,Pipe Types,,,,,,,,Pipe
Pipes,,,Pipe Types,,,,,,,,Pipe
Pipes,,,Pipe Types,,,,,,,,Pipe
Pipes,,,Pipe Types,,,,,,,,Pipe
Pipes,,,Pipe Types,,,,,,,,Pipe
Pipes,,,Pipe Types,,,,,,,,Pipe
Pipes,,,Pipe Types,,,,,,,,Pipe
Pipes,,,Pipe Types,,,,,,,,Pipe
Pipes,,,Pipe Types,,,,,,,,Pipe
Pipes,,,Pipe Types,,,,,,,,Pipe
Pipes,,,Pipe Types,,,,,,,,Pipe
Pipes,,,Pipe Types,,,,,,,,Pipe
Pipes,,,Pipe Types,,,,,,,,Pipe
Pipes,,,Pipe Types,,,,,,,,Pipe
Pipes,,,Pipe Types,,,,,,,,Pipe
Pipes,,,Pipe Types,,,,,,,,Pipe
Pipes,,,Pipe Types,,,,,,,,Pipe
Pipe Fittings,M_Bend - PVC - Sch 40 - DWV,Standard,M_Bend - PVC - Sch 40 - DWV,,,,,Standard,,<By Category>,Pipe Fittings
Pipe Fittings,M_Bend - PVC - Sch 40 - DWV,Standard,M_Bend - PVC - Sch 40 - DWV,,,,,,,<By Category>,Pipe Fittings
Pipe Fittings,M_Bend - PVC - Sch 40 - DWV,Standard,M_Bend - PVC - Sch 40 - DWV,,,,,Standard,,<By Category>,Pipe Fittings
Pipe Fittings,M_Bend - PVC - Sch 40 - DWV,Standard,M_Bend - PVC - Sch 40 - DWV,,,,,,,<By Category>,Pipe Fittings
Pipe Fittings,Arup_Pipe Fitting Elbow_Stainless Steel Press Fit,Generic,Arup_Pipe Fitting Elbow_Stainless Steel Press Fit,,,,,Generic,,<By Category>,Pipe Fittings
Pipe Fittings,Arup_Pipe Fitting Elbow_Stainless Steel Press Fit,Generic,Arup_Pipe Fitting Elbow_Stainless Steel Press Fit,,,,,,,<By Category>,Pipe Fittings
Pipe Fittings,Arup_Pipe Fitting Elbow_Stainless Steel Press Fit,Generic,Arup_Pipe Fitting Elbow_Stainless Steel Press Fit,,,,,Generic,,<By Category>,Pipe Fittings
Pipe Fittings,Arup_Pipe Fitting Elbow_Stainless Steel Press Fit,Generic,Arup_Pipe Fitting Elbow_Stainless Steel Press Fit,,,,,,,<By Category>,Pipe Fittings
Structural Columns,Concrete-Round-Column,323.9,Concrete-Round-Column,B10,Superstructure,,,323.9,000-825 Metal Aluminium 001,,Structural Column
Structural Columns,Concrete-Round-Column,323.9,Concrete-Round-Column,B10,Superstructure,,,323.9,000-825 Metal Aluminium 001,,Structural Column
Structural Columns,Concrete-Round-Column,323.9,Concrete-Round-Column,B10,Superstructure,,,323.9,000-825 Metal Aluminium 001,,Structural Column
Structural Columns,Concrete-Round-Column,273,Concrete-Round-Column,B10,Superstructure,,,273,000-825 Metal Aluminium 001,,Structural Column
Structural Columns,Concrete-Round-Column,273,Concrete-Round-Column,B10,Superstructure,,,273,000-825 Metal Aluminium 001,,Structural Column
Structural Columns,Concrete-Round-Column,273,Concrete-Round-Column,B10,Superstructure,,,273,000-825 Metal Aluminium 001,,Structural Column
Structural Columns,Concrete-Round-Column,273,Concrete-Round-Column,B10,Superstructure,,,273,PEBBLES,,Structural Column
Structural Columns,Concrete-Round-Column,273,Concrete-Round-Column,B10,Superstructure,,,273,000-825 Metal Aluminium 001,,Structural Column
Structural Columns,Concrete-Round-Column,273,Concrete-Round-Column,B10,Superstructure,,,273,000-825 Metal Aluminium 001,,Structural Column
Structural Columns,Concrete-Round-Column,273,Concrete-Round-Column,B10,Superstructure,,,273,"Concrete, Cast-in-Place gray",,Structural Column
Structural Columns,Concrete-Round-Column,273,Concrete-Round-Column,B10,Superstructure,,,273,"Concrete, Cast-in-Place gray",,Structural Column
Structural Columns,Concrete-Round-Column,273,Concrete-Round-Column,B10,Superstructure,,,273,"Concrete, Cast-in-Place gray",,Structural Column
Structural Columns,Concrete-Round-Column,273,Concrete-Round-Column,B10,Superstructure,,,273,"Concrete, Cast-in-Place gray",,Structural Column
Structural Columns,Concrete-Round-Column,273,Concrete-Round-Column,B10,Superstructure,,,273,"Concrete, Cast-in-Place gray",,Structural Column
Structural Columns,Circular Hollow Sections-Column,CHS273x16,Circular Hollow Sections-Column,B1010250,Columns - Steel,,Steel 50-355,CHS273x16,Metal - Steel 50-355,,Structural Column
Structural Columns,Circular Hollow Sections-Column,CHS273x16,Circular Hollow Sections-Column,B1010250,Columns - Steel,,Steel 50-355,CHS273x16,Metal - Steel 50-355,,Structural Column
Structural Columns,Circular Hollow Sections-Column,CHS273x16,Circular Hollow Sections-Column,B1010250,Columns - Steel,,Steel 50-355,CHS273x16,Metal - Steel 50-355,,Structural Column
Walls,Basic Wall,LC02(E),Basic Wall,B2010100,Exterior Wall Construction,600MMX100MMX200MM(H) AAC BLOCK WALL,MCR17,LC02(E),100MM THK. ALC PANEL WALL,,Precision Blockwall
Walls,Basic Wall,RC+1P,Basic Wall,B2010100,Exterior Wall Construction,350MM THK RC WALL,MCR17,RC+1P,Concrete - Cast In Situ,,Cast In-Situ RC Wall
Walls,Basic Wall,Plaster Finish-15thk.,Basic Wall,,,15MM THK PLASTER AND PAINT FINISHES,MCR17,Plaster Finish-15thk.,Plaster - Nippon Solitude 5035,,Wall Finish
Walls,Basic Wall,LC01(F)+3KB+1T-300x600 HT ERMOSA (v),Basic Wall,,,600MMX100MMX200MM(H) AAC BLOCK WALL,MCR17,LC01(F)+3KB+1T-300x600 HT ERMOSA (v),100MM THK. ALC PANEL WALL,,Precision Blockwall
Walls,Basic Wall,Plaster Finish-25thk.,Basic Wall,,,15MM THK PLASTER AND PAINT FINISHES,MCR17,Plaster Finish-25thk.,Plaster Finish,,Wall Finish
Walls,Basic Wall,LC01(25MM-BS),Basic Wall,,,600MMX100MMX200MM(H) AAC BLOCK WALL,MCR17,LC01(25MM-BS),100MM THK. ALC PANEL WALL,,Precision Blockwall
Walls,Basic Wall,LC01+7KB+1T (LOW WALL) (HT ERMOSA),Basic Wall,,,600MMX100MMX200MM(H) AAC BLOCK WALL,MCR17,LC01+7KB+1T (LOW WALL) (HT ERMOSA),<By Category>,,Precision Blockwall
Walls,Curtain Wall,Metal Facade - Blue,Rectangular Mullion,,,,,Rectangular_Mullion_Center- PF,,Metal - Steel(Navy Blue),Curtain Wall
Walls,Curtain Wall,Metal Facade - Blue - Klip Lok,Rectangular Mullion,,,,,Rectangular_Mullion_Top_Right-PF,,Metal - Steel(Navy Blue),Curtain Wall
Doors,BCA_Dr-Resi_2Leaf,MD9 (1500x2200),BCA_Dr-Resi_2Leaf,,,1HR fire-rated metal frame metal door in spray paint finish,MCR03,MD9 (1500x2200),,,General Door Item
Doors,RKD-IDR_Cubicle Door Placeholder_WC,600x1900mm,RKD-IDR_Cubicle Door Placeholder_WC,,,Internal Single Door,MCR03,600x1900mm,,,General Door Item
Doors,RKD-IDR_Cubicle Door Placeholder_WC,600x1900mm,RKD-IDR_Cubicle Door Placeholder_WC,,,Internal Single Door,MCR03,600x1900mm,,,General Door Item
Doors,Timber Door Sliding _ Single Leaf with Louver,D420 (1070x2200),Timber Door Sliding _ Single Leaf with Louver,23-17 11 15 10,,Metal frame metal slidign door in spray paint finish,MCR03,D420 (1070x2200),,,General Door Item
Floors,Floor,FF-1 (300x600 HT LEA3009)(H),Floor,C3020430,Flooring - Tile,300X600 HT-LEA 3009,MCR04,FF-1 (300x600 HT LEA3009)(H),Floor-Screeding,HT-LEA3009,Floor Finish
Floors,Floor,FF-3(HT-TRIBECA GRIGO R10-300x600),Floor,,,300x600MM FLOOR TILE,MCR04,FF-3(HT-TRIBECA GRIGO R10-300x600),Floor-Screeding,HT-TRIBECA GRIGO R10-300x600,Floor Finish
Floors,Floor,100 RC SLAB,Floor,C3020490,Flooring - Other,COUNTER TOP SUPPORT,MCR04,100 RC SLAB,"Concrete, Cast In Situ(2)",Concrete - Cast In Situ,General Floor Item
Floors,Floor,Grass (Planting Verge),Floor,B,Shell,LANDSCAPE,MCR04,Grass (Planting Verge),Grass(Planting Verge),Grass(Planting Verge),General Floor Item
Floors,Floor,150,Floor,B1010,Floor Construction,FIRE HYDRANT  - SLAB,MCR04,150,"Concrete, Cast In Situ","Concrete, Cast In Situ",General Floor Item
Windows,Window 2 Panel,W4 (1850x1200),Window 2 Panel,,,1 TIER SLIDING - 2 PANELS,MCR18,W4 (1850x1200),,Aluminum,Sliding Window
Windows,Window 2 Panel,W2 (1200x1200),Window 2 Panel,,,1 TIER SLIDING - 2 PANELS,MCR18,W2 (1200x1200),,Aluminum,Sliding Window
Windows,LOUVERED - 2 PANELS,AL4 (2000x600),LOUVERED - 2 PANELS,,,1 TIER LOUVER - 2 PANELS,MCR18,AL4 (2000x600),,Aluminum,Fixed Louvred Window
Windows,Top hung casement double,TW2 (1500X770),Top hung casement double,,,1 TIER TOP HUNG - 2 PANELS,MCR18,TW2 (1500X770),,Aluminum,Top-Hung Window
Windows,Louvres_3 bays,AL7 (2400X1000),Louvres_3 bays,,,1 TIER LOUVER - 3 PANELS,MCR18,AL7 (2400X1000),,Aluminum,Fixed Louvred Window
Windows,LOUVERED - 4 PANELS,AL5 (3800x1600),LOUVERED - 4 PANELS,,,1 TIER LOUVER - 3 PANELS,MCR18,AL5 (3800x1600),,Aluminum,Fixed Louvred Window
Windows,LOUVERED - 4 PANELS,AL2 (5000x600),LOUVERED - 4 PANELS,,,1 TIER SLIDING - 4 PANELS,MCR18,AL2 (5000x600),,Aluminum,Sliding Window
Windows,Louvres_1 bay,AL9 (450X450),Louvres_1 bay,,,1 TIER LOUVER - 1 PANELS,MCR18,AL9 (450X450),,Aluminum,Fixed Louvred Window
Windows,Security Room W7A,WD7 (2000x1200),Security Room W7A,,,2 TIER SILDING - 4 PANELS,MCR18,WD7 (2000x1200),,Aluminum,Sliding Window
Planting,,,RPC Tree - Deciduous1,,,,,,,,Tree
Furniture,Desk-Guard Post,800x1500,Desk-Guard Post,E2020200,Furniture & Accessories,T2 SERIES - RECTANGULAR TABLE WITH WOODEN MODESTY PANEL,MCR06,800x1500,,Wood-ladderback chair,"Furniture, Fitting"
Furniture,Table_with_8_ladderback_chairs_4708 (1),740X1180X750,Table_with_8_ladderback_chairs_4708 (1),,,DINNING TABLE,MCR06,740X1180X750,,WOOD,Furniture System
Furniture,Low Cabinet_Guard Post,Low Cabinet_Guard Post,Low Cabinet_Guard Post,,,PEDESTAL DRAWER,MCR06,Low Cabinet_Guard Post,,Steel,"Furniture, Fitting"
Plumbing Fixtures,WASH BASIN LU3310A ,AR_SAN-001_440 x 350mm,WASH BASIN LU3310A,C1030210,Bath & Toilet Accessories - Commercial,UNDERCOUNTER LAVATORY,MCR09,AR_SAN-001_440 x 350mm,,Steel,Basin
Plumbing Fixtures,LOUIS-Grab Bar-LGF7010,STAINLESS STEEL SWING-UP GRAB BAR,LOUIS-Grab Bar-LGF7010,,,STAINLESS STEEL SWING UP GRAB BAR,MCR09,STAINLESS STEEL SWING-UP GRAB BAR,,Stainless Steel,General Plumbing Fixture Item
Plumbing Fixtures,LOUIS-Grab Bar-LGL75L80,LOUIS-Grab Bars-LGL75L80,LOUIS-Grab Bar-LGL75L80,,,HANDICAP GRAB BAR,MCR09,LOUIS-Grab Bars-LGL75L80,,Stainless Steel,General Plumbing Fixture Item
Plumbing Fixtures,RIGEL WH2105BP WALL HUNG WC,RIGEL WH2105BP WALL HUNG WC,RIGEL WH2105BP WALL HUNG WC,,,PEDESTAL WATER CLOSET,MCR09,RIGEL WH2105BP WALL HUNG WC,,Water Closet - Ceramic,Water Closet
Plumbing Fixtures,Sanitary-Equipment_Duravit_Urinal-Ben_084737,084737 White Alpin,Sanitary-Equipment_Duravit_Urinal-Ben_084737,,,WALL HUNG URINAL,MCR09,084737 White Alpin,,Water Closet - Ceramic,Urinal
Plumbing Fixtures,TOTO-Flush Valve-TEF75LSV3,TEF75LSV3_E.BOX ON,TOTO-Flush Valve-TEF75LSV3,,,SENSE FLUSH VALVE - CONCEALED BOX,MCR09,TEF75LSV3_E.BOX ON,,Steel,Water Closet
Plumbing Fixtures,ASH_ArmitageShanks_Sinks_Stewart,"S6006 - Stewart Inset Sink, Single Bowl - Right Hand Drainer",ASH_ArmitageShanks_Sinks_Stewart,C1030200,Bath & Toilet Accessories,"Stewart inset sink, single bowl, right hand drainer",MCR09,"S6006 - Stewart Inset Sink, Single Bowl - Right Hand Drainer",,Stainless Steel,Tapware
Plumbing Fixtures,TP_Holder_Jumbo_Double_7195,TP_Holder_Jumbo_Double_7195,TP_Holder_Jumbo_Double_7195,,,"SURFACE MOUNTED 9 TWIN ROLL DOUBLE PAPER HOLDER""",MCR09,TP_Holder_Jumbo_Double_7195,,ABS CASING,General Plumbing Fixture Item
Lighting Fixtures,,,UFO,,,,,,,,Lighting Fixture
Pipe Fittings,M_Bend - PVC - Sch 40 - DWV,Standard,M_Bend - PVC - Sch 40 - DWV,,,,,Standard,,<By Category>,Pipe Fittings
