Family,SubFamily,ObjectGroup,ObjectName,Assembly Code,Assembly Description,Description,Type Comments,Type Name,Structural Material,Material,Prediction
Walls,Basic Wall,LC02(E),Basic Wall [7332952],B2010100,Exterior Wall Construction,600MMX100MMX200MM(H) AAC BLOCK WALL,MCR17,LC02(E),100MM THK. ALC PANEL WALL,,
Walls,Basic Wall,LC02(E),Basic Wall [7332953],B2010100,Exterior Wall Construction,600MMX100MMX200MM(H) AAC BLOCK WALL,MCR17,LC02(E),100MM THK. ALC PANEL WALL,,
Walls,Basic Wall,LC02,Basic Wall [789677],B2010100,Exterior Wall Construction,600MMX100MMX200MM(H) AAC BLOCK WALL,MCR17,LC02,100MM THK. ALC PANEL WALL,,
Walls,Basic Wall,LC02,Basic Wall [789846],B2010100,Exterior Wall Construction,600MMX100MMX200MM(H) AAC BLOCK WALL,MCR17,LC02,100MM THK. ALC PANEL WALL,,
Walls,Basic Wall,LC01 (F) @ 15MMTHK FIN,Basic Wall [814006],B2010100,Exterior Wall Construction,600MMX100MMX200MM(H) AAC BLOCK WALL,MCR17,LC01 (F) @ 15MMTHK FIN,100MM THK. ALC PANEL WALL,,
Walls,Basic Wall,RC+1P,Basic Wall [919851],B2010100,Exterior Wall Construction,350MM THK RC WALL,MCR17,RC+1P,Concrete - Cast In Situ,,
Walls,Basic Wall,RC,Basic Wall [919855],,,350MM THK RC WALL,MCR17,RC,Concrete - Cast In Situ,,
Walls,Basic Wall,LC01(F),Basic Wall [1100295],,,600MMX100MMX200MM(H) AAC BLOCK WALL,MCR17,LC01(F),100MM THK. ALC PANEL WALL,,
Walls,Basic Wall,LC01 (3.1),Basic Wall [5911832],,,600MMX100MMX200MM(H) AAC BLOCK WALL,MCR17,LC01 (3.1),100MM THK. ALC PANEL WALL,,
Walls,Basic Wall,LC01+1HR,Basic Wall [3709627],,,600MMX100MMX200MM(H) AAC BLOCK WALL,MCR17,LC01+1HR,100MM THK. ALC PANEL WALL,,
Walls,Basic Wall,LC01(F)/1HR,Basic Wall [1100301],,,600MMX100MMX200MM(H) AAC BLOCK WALL,MCR17,LC01(F)/1HR,100MM THK. ALC PANEL WALL,,
Walls,Basic Wall,LC01(F)+3KB+1T-300x600 (H),Basic Wall [3766737],B2010,Exterior Walls,600MMX100MMX200MM(H) AAC BLOCK WALL,MCR17,LC01(F)+3KB+1T-300x600 (H),100MM THK. ALC PANEL WALL,,
Walls,Basic Wall,LC01+3KB+BT (F) 300x600m-WT1931 (v),Basic Wall [1100306],B2020,Exterior Windows,600MMX100MMX200MM(H) AAC BLOCK WALL,MCR17,LC01+3KB+BT (F) 300x600m-WT1931 (v),100MM THK. ALC PANEL WALL,,
Walls,Basic Wall,LC01+3KB+BT (F) 300x600m-WT1931,Basic Wall [5132162],,,600MMX100MMX200MM(H) AAC BLOCK WALL,MCR17,LC01+3KB+BT (F) 300x600m-WT1931,100MM THK. ALC PANEL WALL,,
Walls,Basic Wall,LC01+3KB+BT(WT1931),Basic Wall [1100309],,,600MMX100MMX200MM(H) AAC BLOCK WALL,MCR17,LC01+3KB+BT(WT1931),100MM THK. ALC PANEL WALL,,
Walls,Basic Wall,LC01+3KB+BT(WT1931),Basic Wall [5174016],,,600MMX100MMX200MM(H) AAC BLOCK WALL,MCR17,LC01+3KB+BT(WT1931),100MM THK. ALC PANEL WALL,,
Walls,Basic Wall,LC01+6KB+BT,Basic Wall [1100310],,,600MMX100MMX200MM(H) AAC BLOCK WALL,MCR17,LC01+6KB+BT,100MM THK. ALC PANEL WALL,,
Walls,Basic Wall,LC01(F)+3KB+1T-300x600(140),Basic Wall [2454732],,,600MMX100MMX200MM(H) AAC BLOCK WALL,MCR17,LC01(F)+3KB+1T-300x600(140),100MM THK. ALC PANEL WALL,,
Walls,Basic Wall,LC01(F)+1HR,Basic Wall [1100341],,,600MMX100MMX200MM(H) AAC BLOCK WALL,MCR17,LC01(F)+1HR,100MM THK. ALC PANEL WALL,,
Walls,Basic Wall,WC-12MM,Basic Wall [6488625],C1010100,Fixed Partitions,12MM THK PILASTER,MCR17,WC-12MM,SPLASHBACK-for render,,
Walls,Basic Wall,WC-12MM,Basic Wall [7670161],C1010100,Fixed Partitions,12MM THK PILASTER,MCR17,WC-12MM,SPLASHBACK-for render,,
Walls,Basic Wall,LC01+3KB+1T (V),Basic Wall [1100824],,,600MMX100MMX200MM(H) AAC BLOCK WALL,MCR17,LC01+3KB+1T (V),100MM THK. ALC PANEL WALL,,
Walls,Basic Wall,LC01+3KB+1T (V),Basic Wall [2454278],,,600MMX100MMX200MM(H) AAC BLOCK WALL,MCR17,LC01+3KB+1T (V),100MM THK. ALC PANEL WALL,,
Walls,Basic Wall,External_AAC_Block_100mm,Basic Wall [1264432],,,RC LEDGE,MCR17,External_AAC_Block_100mm,Masonry - Concrete Blocks,,
Walls,Basic Wall,External_AAC_Block_100mm,Basic Wall [8605788],,,RC LEDGE,MCR17,External_AAC_Block_100mm,Masonry - Concrete Blocks,,
Walls,Basic Wall,LC01(F)+3KB+1T_15MMTHK. (HT ERMOSA SILVER),Basic Wall [1550482],,,600MMX100MMX200MM(H) AAC BLOCK WALL,MCR17,LC01(F)+3KB+1T_15MMTHK. (HT ERMOSA SILVER),100MM THK. ALC PANEL WALL,,
Walls,Basic Wall,LC01(F)+3KB+1T-300x600 HT ERMOSA,Basic Wall [1554330],,,600MMX100MMX200MM(H) AAC BLOCK WALL,MCR17,LC01(F)+3KB+1T-300x600 HT ERMOSA,100MM THK. ALC PANEL WALL,,
Walls,Basic Wall,Plaster Finish-15thk.,Basic Wall [2039827],,,15MM THK PLASTER AND PAINT FINISHES,MCR17,Plaster Finish-15thk.,Plaster - Nippon Solitude 5035,,
Walls,Basic Wall,Plaster Finish-15thk.,Basic Wall [10279711],,,15MM THK PLASTER AND PAINT FINISHES,MCR17,Plaster Finish-15thk.,Plaster - Nippon Solitude 5035,,
Walls,Basic Wall,Plaster Finish-25thk. 2,Basic Wall [2188400],,,15MM THK PLASTER AND PAINT FINISHES,MCR17,Plaster Finish-25thk. 2,Plaster Finish(1),,
Walls,Basic Wall,LC01(F)+3KB+1T-300x600 HT ERMOSA (v),Basic Wall [2453976],,,600MMX100MMX200MM(H) AAC BLOCK WALL,MCR17,LC01(F)+3KB+1T-300x600 HT ERMOSA (v),100MM THK. ALC PANEL WALL,,
Walls,Basic Wall,TILE (HT ERMOSA SILVER),Basic Wall [2651983],,,12MM THK TILES,MCR17,TILE (HT ERMOSA SILVER),<By Category>,,
Walls,Basic Wall,Plaster+Tile-25thk. (HT ERMOSA),Basic Wall [2652790],,,25MM THK TILES FINISHES,MCR17,Plaster+Tile-25thk. (HT ERMOSA),HT-LEA3009,,
Walls,Basic Wall,Plaster+Tile-25thk.,Basic Wall [2654424],,,25MM THK TILES FINISHES,MCR17,Plaster+Tile-25thk.,WT-1931,,
Walls,Basic Wall,Plaster+Tile-25thk.,Basic Wall [7557967],,,25MM THK TILES FINISHES,MCR17,Plaster+Tile-25thk.,WT-1931,,
Walls,Basic Wall,Plaster Finish-25thk.,Basic Wall [2655762],,,15MM THK PLASTER AND PAINT FINISHES,MCR17,Plaster Finish-25thk.,Plaster Finish,,
Walls,Basic Wall,Plaster Finish-25thk.,Basic Wall [2725618],,,15MM THK PLASTER AND PAINT FINISHES,MCR17,Plaster Finish-25thk.,Plaster Finish,,
Walls,Basic Wall,LC01+1P(3.1),Basic Wall [3101885],,,600MMX100MMX200MM(H) AAC BLOCK WALL,MCR17,LC01+1P(3.1),100MM THK. ALC PANEL WALL,,
Walls,Basic Wall,LC01+1P(3.1),Basic Wall [3101908],,,600MMX100MMX200MM(H) AAC BLOCK WALL,MCR17,LC01+1P(3.1),100MM THK. ALC PANEL WALL,,
Walls,Basic Wall,LC01(F)+1P,Basic Wall [3257961],,,600MMX100MMX200MM(H) AAC BLOCK WALL,MCR17,LC01(F)+1P,100MM THK. ALC PANEL WALL,,
Walls,Basic Wall,LC01(25MM-BS),Basic Wall [3333905],,,600MMX100MMX200MM(H) AAC BLOCK WALL,MCR17,LC01(25MM-BS),100MM THK. ALC PANEL WALL,,
Walls,Basic Wall,LC01(F)+1P @ 15MM,Basic Wall [3710237],,,600MMX100MMX200MM(H) AAC BLOCK WALL,MCR17,LC01(F)+1P @ 15MM,100MM THK. ALC PANEL WALL,,
Walls,Basic Wall,External_AAC_Block_100+150Air+50mm,Basic Wall [5129763],,,600MMX100MMX200MM(H) AAC BLOCK WALL,MCR17,External_AAC_Block_100+150Air+50mm,Masonry - Concrete Blocks,,
Walls,Basic Wall,Plaster+Tile-15thk. HT-RH2111(Bianco Mat) 600MM (2MM),Basic Wall [5228486],,,100MM(H) TILES SKIRTING,MCR17,Plaster+Tile-15thk. HT-RH2111(Bianco Mat) 600MM (2MM),<By Category>,,
Walls,Basic Wall,Plaster+Tile-15thk. HT-RH2111(Bianco Mat),Basic Wall [5230446],,,15MM THK PLASTER AND PAINT FINISHES,MCR17,Plaster+Tile-15thk. HT-RH2111(Bianco Mat),<By Category>,,
Walls,Basic Wall,LC01+7KB+1T (LOW WALL) (HT ERMOSA),Basic Wall [5329533],,,600MMX100MMX200MM(H) AAC BLOCK WALL,MCR17,LC01+7KB+1T (LOW WALL) (HT ERMOSA),<By Category>,,
Walls,Basic Wall,LC01+3KB+BT(HT ERMOSA),Basic Wall [5422667],,,600MMX100MMX200MM(H) AAC BLOCK WALL,MCR17,LC01+3KB+BT(HT ERMOSA),100MM THK. ALC PANEL WALL,,
Walls,Basic Wall,Plaster+Tile-25thk.300x600 WT1931,Basic Wall [5556404],,,25MM THK TILES FINISHES,MCR17,Plaster+Tile-25thk.300x600 WT1931,WT-1931,,
Walls,Basic Wall,LC01(F)+3KB+1T-300x600,Basic Wall [5612930],,,600MMX100MMX200MM(H) AAC BLOCK WALL,MCR17,LC01(F)+3KB+1T-300x600,100MM THK. ALC PANEL WALL,,
Walls,Basic Wall,Plaster+Tile-15thk. HT-RH2111 600x600(HT TRIBECA GRIGIO),Basic Wall [5689535],,,100MM(H) TILES SKIRTING,MCR17,Plaster+Tile-15thk. HT-RH2111 600x600(HT TRIBECA GRIGIO),<By Category>,,
Walls,Basic Wall,Plaster+Tile-15thk. HT-RH2111(Bianco Mat) 300MM (2MM),Basic Wall [5690179],,,100MM(H) TILES SKIRTING,MCR17,Plaster+Tile-15thk. HT-RH2111(Bianco Mat) 300MM (2MM),<By Category>,,
Walls,Basic Wall,Skirting-HT-TRIBECA GRIGO R10-600MM (2MM) SKIRTING,Basic Wall [5836197],C3010150,Wall Finishes - Tile,100MM(H) TILES SKIRTING,MCR17,Skirting-HT-TRIBECA GRIGO R10-600MM (2MM) SKIRTING,HT-TRIBECA GRIGO R10-600MM (2MM) SKIRTING,,
Walls,Basic Wall,Skirting-HT-TRIBECA GRIGO R10-300x600,Basic Wall [5836153],,,100MM(H) TILES SKIRTING,MCR17,Skirting-HT-TRIBECA GRIGO R10-300x600,HT-TRIBECA GRIGO R10-300x600,,
Walls,Basic Wall,Skirting-HT-TRIBECA GRIGO R10-300x600 (1.5),Basic Wall [6778610],,,100MM(H) TILES SKIRTING,MCR17,Skirting-HT-TRIBECA GRIGO R10-300x600 (1.5),HT-TRIBECA GRIGO R10-300x600(1.5),,
Walls,Basic Wall,LC01+3KB+BT (F),Basic Wall [6811745],,,600MMX100MMX200MM(H) AAC BLOCK WALL,MCR17,LC01+3KB+BT (F),100MM THK. ALC PANEL WALL,,
Walls,Basic Wall,LC01+4KB+1T (LOW WALL) WT1931,Basic Wall [6811781],,,600MMX100MMX200MM(H) AAC BLOCK WALL,MCR17,LC01+4KB+1T (LOW WALL) WT1931,WT-1931,,
Walls,Basic Wall,External_AAC_Block_100+100Air+50mm,Basic Wall [6969561],,,600MMX100MMX200MM(H) AAC BLOCK WALL,MCR17,External_AAC_Block_100+100Air+50mm,Masonry - Concrete Blocks,,
Walls,Basic Wall,Skirting-HT-TRIBECA GRIGO R10-300MM (2MM) SKIRTING,Basic Wall [7863915],,,100MM(H) TILES SKIRTING,MCR17,Skirting-HT-TRIBECA GRIGO R10-300MM (2MM) SKIRTING,HT-TRIBECA GRIGO R10-300MM (2mm),,
Walls,Basic Wall,External_Masonry_Block_300mm (Entrance Signage) - Cyan,Basic Wall [7413195],,,3MM THK ALUM. BOX UP BASE IN SPRAY PAINTED FINISH,MCR17,External_Masonry_Block_300mm (Entrance Signage) - Cyan,Wall_BlockMasonry,,
Walls,Basic Wall,LC01(F)+3KB+1T (Add'l finish),Basic Wall [7569770],,,600MMX100MMX200MM(H) AAC BLOCK WALL,MCR17,LC01(F)+3KB+1T (Add'l finish),100MM THK. ALC PANEL WALL,,
Walls,Basic Wall,LC01(F)+3KB+1T,Basic Wall [7570701],,,600MMX100MMX200MM(H) AAC BLOCK WALL,MCR17,LC01(F)+3KB+1T,100MM THK. ALC PANEL WALL,,
Walls,Basic Wall,External_RC_200mm,Basic Wall [7580926],,,200MM THK RC WALL,MCR17,External_RC_200mm,Wall_Concrete,,
Walls,Basic Wall,Plaster+Tile-25thk.300x600 WT1931 2,Basic Wall [8994979],,,100MM(H) TILES SKIRTING,MCR17,Plaster+Tile-25thk.300x600 WT1931 2,WT-1931(v)(4),,
Walls,Basic Wall,WC-24MM,Basic Wall [9402466],C1010200,Demountable Partitions,18MM HANGING PARTITION PANEL,MCR17,WC-24MM,ADA_White,,
Walls,Curtain Wall,GlassBlock,System Panel [810806],,,,,Glazed,,Glass - Frosted,
Walls,Curtain Wall,GlassBlock,Curtain Wall [810805],B2010148,Ext. Wall - Glass Block,190(L)MMX190(H)MMX95(W)MM GLASS BLOCK,MCR17,GlassBlock,<By Category>,,
Walls,Curtain Wall,GlassBlock,System Panel [1948577],,,,,Glazed,,Glass - Frosted,
Walls,Curtain Wall,GlassBlock,Curtain Wall [1948576],B2010148,Ext. Wall - Glass Block,190(L)MMX190(H)MMX95(W)MM GLASS BLOCK,MCR17,GlassBlock,<By Category>,,
Walls,Curtain Wall,GlassBlock,System Panel [2629538],,,,,Glazed,,Glass - Frosted,
Walls,Curtain Wall,GlassBlock,Curtain Wall [2629477],B2010148,Ext. Wall - Glass Block,190(L)MMX190(H)MMX95(W)MM GLASS BLOCK,MCR17,GlassBlock,<By Category>,,
Walls,Curtain Wall,GlassBlock,System Panel [2629579],,,,,Glazed,,Glass - Frosted,
Walls,Curtain Wall,Metal Facade - Blue,CurtainPanel [6983299],,,,,AluminiumPanel - Blue,,,
Walls,Curtain Wall,Metal Facade - Blue,Rectangular Mullion [6983300],,,,,Rectangular_Mullion_Top_Right-PF,,Metal - Steel(Navy Blue),
Walls,Curtain Wall,Metal Facade - Blue,CurtainPanel [6983446],,,,,AluminiumPanel - Blue,,,
Walls,Curtain Wall,Metal Facade - Blue,Rectangular Mullion [6983447],,,,,Rectangular_Mullion_Top_Right-PF,,Metal - Steel(Navy Blue),
Walls,Curtain Wall,Metal Facade - Blue,Curtain Wall [6983298],,,0.54MM THK COLORBOND KLIPLOK HI-TEN 406 AS FASCIA,MCR17,Metal Facade - Blue,<By Category>,,
Walls,Curtain Wall,Metal Facade - Blue,CurtainPanel [6983459],,,,,AluminiumPanel - Blue,,,
Walls,Curtain Wall,Metal Facade - Blue,Rectangular Mullion [6983460],,,,,Rectangular_Mullion_Top_Right-PF,,Metal - Steel(Navy Blue),
Walls,Curtain Wall,Metal Facade - Blue,Rectangular Mullion [6983468],,,,,Rectangular_Mullion_Center- PF,,Metal - Steel(Navy Blue),
Walls,Curtain Wall,Metal Facade - Blue,Curtain Wall [6983458],,,0.54MM THK COLORBOND KLIPLOK HI-TEN 406 AS FASCIA,MCR17,Metal Facade - Blue,<By Category>,,
Walls,Curtain Wall,Metal Facade - Blue,CurtainPanel [6983470],,,,,AluminiumPanel - Blue,,,
Walls,Curtain Wall,Metal Facade - Blue - Klip Lok,System Panel [6983307],,,,,Glazed,,Glass - Frosted,
Walls,Curtain Wall,Metal Facade - Blue - Klip Lok,Rectangular Mullion [6983328],,,,,Rectangular_Mullion_Top_Right-PF,,Metal - Steel(Navy Blue),
Walls,Curtain Wall,Metal Facade - Blue - Klip Lok,System Panel [6983349],,,,,Glazed,,Glass - Frosted,
Walls,Curtain Wall,Metal Facade - Blue - Klip Lok,Rectangular Mullion [6983350],,,,,Rectangular_Mullion_Bottom_Left-PF,,Metal - Steel(Navy Blue),
Walls,Curtain Wall,Metal Facade - Blue - Klip Lok,Curtain Wall [6983304],,,0.54MM THK COLORBOND KLIPLOK HI-TEN 406 AS FASCIA,MCR17,Metal Facade - Blue - Klip Lok,<By Category>,,
Doors,ALUMINUM DOOR AD3-AD4,AD2 (1300x1500),ALUMINUM DOOR AD3-AD4 [4284424],B2030200,Solid Exterior Doors,Heavy duty aluminum door in powder coated finish,MCR03,AD2 (1300x1500),,Steel,
Doors,DOUBLE LOUVER INSERT SWING DOOR,2800 x2750 - AD1,DOUBLE LOUVER INSERT SWING DOOR [1776401],,,Heavy duty aluminum frame aluminum louver door in powder coated finish,MCR03,2800 x2750 - AD1,,,
Doors,QUADRUPLE LOUVER INSERT SWING DOOR,AD3 (1900x2900),QUADRUPLE LOUVER INSERT SWING DOOR [801998],,,Heavy duty aluminum frame aluminum louver door in powder coated finish,MCR03,AD3 (1900x2900),,,
Doors,BCA_Dr-Resi_2Leaf,MD9 (1500x2200),BCA_Dr-Resi_2Leaf [1100319],,,1HR fire-rated metal frame metal door in spray paint finish,MCR03,MD9 (1500x2200),,,
Doors,BCA_Dr-NonResi_1Leaf1Swing,MD8 (900x2200),BCA_Dr-NonResi_1Leaf1Swing [1100321],,,Metal frame metal door w/ bottom louver in spray paint finish,MCR03,MD8 (900x2200),,,
Doors,BCA_Dr-NonResi_1Leaf1Swings ASS,MD4 (1050x2200),BCA_Dr-NonResi_1Leaf1Swings ASS [1100322],,,Metal frame metal door w/ bottom louver in spray paint finish with horizontal pull bar & vertical pull handle,MCR03,MD4 (1050x2200),,,
Doors,POC_Timber Door_Unequal Leaf(rend),MD10 (1500x2200),POC_Timber Door_Unequal Leaf(rend) [1100325],,,Metal frame metal door w/ vision panel in spray paint finish,MCR03,MD10 (1500x2200),,FS1028 Granite Grey PVDF,
Doors,RKD-IDR_Cubicle Door Placeholder_WC,600x1900mm,RKD-IDR_Cubicle Door Placeholder_WC [1100659],,,Internal Single Door,MCR03,600x1900mm,,,
Doors,RKD-IDR_Cubicle Door Placeholder_WC,600x1900mm,RKD-IDR_Cubicle Door Placeholder_WC [1100660],,,Internal Single Door,MCR03,600x1900mm,,,
Doors,RKD-IDR_Cubicle Door Placeholder_WC,600x1900mm,RKD-IDR_Cubicle Door Placeholder_WC [1100661],,,Internal Single Door,MCR03,600x1900mm,,,
Doors,RKD-IDR_Cubicle Door Placeholder_WC,600x1900mm,RKD-IDR_Cubicle Door Placeholder_WC [1100662],,,Internal Single Door,MCR03,600x1900mm,,,
Doors,RKD-IDR_Cubicle Door Placeholder_WC,600x1900mm,RKD-IDR_Cubicle Door Placeholder_WC [1100663],,,Internal Single Door,MCR03,600x1900mm,,,
Doors,RKD-IDR_Cubicle Door Placeholder_WC,600x1900mm,RKD-IDR_Cubicle Door Placeholder_WC [1100664],,,Internal Single Door,MCR03,600x1900mm,,,
Doors,RKD-IDR_Cubicle Door Placeholder_WC,600x1900mm,RKD-IDR_Cubicle Door Placeholder_WC [2957429],,,Internal Single Door,MCR03,600x1900mm,,,
Doors,RKD-IDR_Cubicle Door Placeholder_WC,600x1900mm,RKD-IDR_Cubicle Door Placeholder_WC [2957489],,,Internal Single Door,MCR03,600x1900mm,,,
Doors,POC_Timber Door_Unequal Leaf,MD10 (1500x2200),POC_Timber Door_Unequal Leaf [1108545],,,Metal frame metal door w/ vision panel in spray paint finish,MCR03,MD10 (1500x2200),,FS1028 Granite Grey PVDF,
Doors,POC_Timber Door_Unequal Leaf,MD10 (1500x2200) WITHOUT VISION PANEL,POC_Timber Door_Unequal Leaf [1708264],,,Metal frame metal door w/ vision panel in spray paint finish,MCR03,MD10 (1500x2200) WITHOUT VISION PANEL,,FS1028 Granite Grey PVDF,
Doors,POC_Timber Door_Unequal Leaf,MD10 (1500x2200) WITHOUT VISION PANEL,POC_Timber Door_Unequal Leaf [1962074],,,Metal frame metal door w/ vision panel in spray paint finish,MCR03,MD10 (1500x2200) WITHOUT VISION PANEL,,FS1028 Granite Grey PVDF,
Doors,D12,MD3 (900X2200) 2,D12 [1575136],,,MALE & FEMALT TOILET,MCR03,MD3 (900X2200) 2,,,
Doors,D12,MD3 (900X2200) 2,D12 [5824667],,,MALE & FEMALT TOILET,MCR03,MD3 (900X2200) 2,,,
Doors,BCA_SWING DOOR_VISION PANEL INSERT SWING DOOR1,1WaySwing_1000,BCA_SWING DOOR_VISION PANEL INSERT SWING DOOR1 [1737345],,,METAL FRAME METAL DOOR W/VISION PANEL IN SPRAY PAINT FINISH,MCR03,1WaySwing_1000,,,
Doors,Steel Door_Single Leaf,AD5 (1100X2100),Steel Door_Single Leaf [1943421],,,Heavy duty aluminum door in powder coated finish,MCR03,AD5 (1100X2100),,Steel,
Doors,Steel Door_Single Leaf,AD5 (1100X2100),Steel Door_Single Leaf [4263237],,,Heavy duty aluminum door in powder coated finish,MCR03,AD5 (1100X2100),,Steel,
Doors,POC_Roller Shutter,RS1 (4000X3200),POC_Roller Shutter [3772685],23-17 11 13 25 11,,1HR FIRE RATED GRILLE SHUTTER (MOTORISED),MCR03,RS1 (4000X3200),,,
Doors,Steel Door_Double Leaf,MD1 (2000x2400),Steel Door_Double Leaf [3829114],,,Soundproofing metal acoustic door,MCR03,MD1 (2000x2400),,Steel,
Doors,BCA_Dr-NonResi_2Sized1Leaf1Swing,MD11 (1050x2100),BCA_Dr-NonResi_2Sized1Leaf1Swing [5526541],,,1/2HR fire-rated metal frame metal door in spray paint finish,MCR03,MD11 (1050x2100),,,
Doors,BCA_Dr-NonResi_2Sized1Leaf1Swing,MD12 (1050x2100),BCA_Dr-NonResi_2Sized1Leaf1Swing [6811794],,,Metal frame metal door in spray finish,MCR03,MD12 (1050x2100),,,
Doors,BCA_Dr-NonResi_1Leaf1Swing1,MD6 (600x2200)-3,BCA_Dr-NonResi_1Leaf1Swing1 [6554699],,,Metal frame metal door in spray finish,MCR03,MD6 (600x2200)-3,,,
Doors,BCA_Dr-NonResi_1Leaf1Swing1,300X300,BCA_Dr-NonResi_1Leaf1Swing1 [8671598],,,Metal frame metal door in spray finish,MCR03,300X300,,,
Doors,Timber Door Sliding _ Single Leaf with Louver,D420 (1070x2200),Timber Door Sliding _ Single Leaf with Louver [7094900],23-17 11 15 10,,Metal frame metal slidign door in spray paint finish,MCR03,D420 (1070x2200),,,
Floors,Floor,Screeding-50mmthk.,Floor [8588921],C3020100,Floor Toppings & Coatings,50MM THK SCEEDING,MCR04,Screeding-50mmthk.,Floor-Screeding,Floor-Screeding,
Floors,Floor,200 RC SLAB,Floor [8420735],C3020100,Floor Toppings & Coatings,Floor Hardener and Sealer.,MCR04,200 RC SLAB,"Concrete, Cast In Situ",Floor-Screeding,
Floors,Floor,FF-1 (300x600 HT LEA3009)(H),Floor [3342747],C3020430,Flooring - Tile,300X600 HT-LEA 3009,MCR04,FF-1 (300x600 HT LEA3009)(H),Floor-Screeding,HT-LEA3009,
Floors,Floor,GREEN PAVER,Floor [1482961],C,Interiors,EARTH,MCR04,GREEN PAVER,Green Paver,Earth,
Floors,Floor,FF-1 (300x600 HT LEA3009),Floor [9397806],,,300x600MM FLOOR TILE,MCR04,FF-1 (300x600 HT LEA3009),Floor-Screeding,HT-LEA3009,
Floors,Floor,FF-3(HT-TRIBECA GRIGO R10-300x600) 2mm(V),Floor [3339587],,,300x600MM FLOOR TILE,MCR04,FF-3(HT-TRIBECA GRIGO R10-300x600) 2mm(V),Floor-Screeding,HT-TRIBECA GRIGO R10-300x600,
Floors,Floor,FF-1 (300x600 HT LEA3009)(V),Floor [3343646],,,300x600MM FLOOR TILE,MCR04,FF-1 (300x600 HT LEA3009)(V),Floor-Screeding,HT-LEA3009,
Floors,Floor,FF-3(HT-TRIBECA GRIGO R10-300x600),Floor [5310918],,,300x600MM FLOOR TILE,MCR04,FF-3(HT-TRIBECA GRIGO R10-300x600),Floor-Screeding,HT-TRIBECA GRIGO R10-300x600,
Floors,Floor,FF-3(HT-TRIBECA GRIGO R10-300x600),Floor [7215247],,,300x600MM FLOOR TILE,MCR04,FF-3(HT-TRIBECA GRIGO R10-300x600),Floor-Screeding,HT-TRIBECA GRIGO R10-300x600,
Floors,Floor,FF-2 (Screed with Concrete Sealar),Floor [3744798],C3020100,Floor Toppings & Coatings,CONCRETE SEALER,MCR04,FF-2 (Screed with Concrete Sealar),Concrete Sealer,Floor-Screeding,
Floors,Floor,FF-2 (Screed with Concrete Sealar)-80,Floor [7620457],,,CONCRETE SEALER,MCR04,FF-2 (Screed with Concrete Sealar)-80,Concrete Sealer,Floor-Screeding,
Floors,Floor,100 RC SLAB,Floor [5540520],C3020490,Flooring - Other,COUNTER TOP SUPPORT,MCR04,100 RC SLAB,"Concrete, Cast In Situ(2)",Concrete - Cast In Situ,
Floors,Floor,40 S/S PLATE,Floor [5569646],C30,Interior Finishes,LEDGE OUTSIDE SECURITY ROOM,MCR04,40 S/S PLATE,"Concrete, Cast In Situ(3)",Stainless Steel,
Floors,Floor,Tile,Floor [7619462],,,SOLID SURFACE FOR TOILET MAINTENANCE LEDGE,MCR04,Tile,<By Category>,Solid Surface,
Floors,Floor,Flr 200,Floor [6052913],B1010,Floor Construction,APRON SLAB,MCR04,Flr 200,"Concrete, Cast In Situ",Concrete - Cast In Situ,
Floors,Floor,Gravel,Floor [7504126],C3020,Floor Finishes,20-30MM PEBBLES,MCR04,Gravel,Gravel,PEBBLES,
Floors,Floor,Road Marker Yellow,Floor [8544469],C3020100,Floor Toppings & Coatings,THERMOPLASTIC ROAD MARKING,MCR04,Road Marker Yellow,Paint - Accessway Markings,Paint - Road Markings,
Floors,Floor,Steel Deck 2,Floor [9220064],C3020490,Flooring - Other,BWK 50800 EXPANDED MESH,MCR04,Steel Deck 2,"Steel, Galvanized",Steel - Alvarado -  Mesh,
Floors,Floor,Grass (Planting Verge),Floor [9407543],B,Shell,LANDSCAPE,MCR04,Grass (Planting Verge),Grass(Planting Verge),Grass(Planting Verge),
Floors,Floor,Grass (Planting Verge),Floor [9408755],B,Shell,LANDSCAPE,MCR04,Grass (Planting Verge),Grass(Planting Verge),Grass(Planting Verge),
Floors,Floor,150,Floor [9416933],B1010,Floor Construction,FIRE HYDRANT  - SLAB,MCR04,150,"Concrete, Cast In Situ","Concrete, Cast In Situ",
Floors,Floor,250 S/S PLATE 2,Floor [9847254],,,LEDGE OUTSIDE SECURITY ROOM,MCR04,250 S/S PLATE 2,"Concrete, Cast In Situ(3)",Stainless Steel,
Windows,Window 3 panel,W9 (2100x1200),Window 3 panel [820006],B2020110,Windows - Aluminum,1 TIER SLIDING - 3 PANELS,MCR18,W9 (2100x1200),,Aluminum,
Windows,Window 2 Panel,W4 (1850x1200),Window 2 Panel [1874013],,,1 TIER SLIDING - 2 PANELS,MCR18,W4 (1850x1200),,Aluminum,
Windows,Window 2 Panel,W2 (1200x1200),Window 2 Panel [1100455],,,1 TIER SLIDING - 2 PANELS,MCR18,W2 (1200x1200),,Aluminum,
Windows,Window 2 Panel,W2 (1200x1200),Window 2 Panel [1365982],,,1 TIER SLIDING - 2 PANELS,MCR18,W2 (1200x1200),,Aluminum,
Windows,Window 2 Panel,W2 (1200x1200),Window 2 Panel [2954305],,,1 TIER SLIDING - 2 PANELS,MCR18,W2 (1200x1200),,Aluminum,
Windows,Window 2 Panel,WD2 (1200x1200),Window 2 Panel [1755385],,,1 TIER SLIDING - 2 PANELS,MCR18,WD2 (1200x1200),,Aluminum,
Windows,Window 2 Panel,W5 (900x1200),Window 2 Panel [1873894],,,1 TIER SLIDING - 2 PANELS,MCR18,W5 (900x1200),,Aluminum,
Windows,Window 2 Panel,W7 (2000x1200),Window 2 Panel [1962236],,,1 TIER SLIDING - 2 PANELS,MCR18,W7 (2000x1200),,Aluminum,
Windows,Window 4 panel,W1 (4200x1200),Window 4 panel [1100501],,,1 TIER SLIDING - 4 PANELS,MCR18,W1 (4200x1200),,Aluminum,
Windows,Window 4 panel,W6 (3250x1200),Window 4 panel [1708381],,,1 TIER SLIDING - 4 PANELS,MCR18,W6 (3250x1200),,Aluminum,
Windows,Window 4 panel,W8 (4500x1200),Window 4 panel [1754409],,,1 TIER SLIDING - 4 PANELS,MCR18,W8 (4500x1200),,Aluminum,
Windows,LOUVERED - 2 PANELS,AL4 (2000x600),LOUVERED - 2 PANELS [1101255],,,1 TIER LOUVER - 2 PANELS,MCR18,AL4 (2000x600),,Aluminum,
Windows,LOUVERED - 2 PANELS,AL10 (2400x500),LOUVERED - 2 PANELS [2602106],,,1 TIER LOUVER - 2 PANELS,MCR18,AL10 (2400x500),,Aluminum,
Windows,LOUVERED - 2 PANELS,AL3 (600x600),LOUVERED - 2 PANELS [2728206],,,1 TIER LOUVER - 1 PANELS,MCR18,AL3 (600x600),,Aluminum,
Windows,LOUVERED - 2 PANELS,AL12 (2000x1500),LOUVERED - 2 PANELS [7512345],,,1 TIER LOUVER - 2 PANELS,MCR18,AL12 (2000x1500),,Aluminum,
Windows,LOUVERED - 2 PANELS,AL15 (800x2000),LOUVERED - 2 PANELS [7513712],,,1 TIER LOUVER - 2 PANELS,MCR18,AL15 (800x2000),,Aluminum,
Windows,Top hung casement double,TW1 (1600x770),Top hung casement double [1578795],,,1 TIER TOP HUNG - 2 PANELS,MCR18,TW1 (1600x770),,Aluminum,
Windows,Top hung casement double,TW2 (1500X770),Top hung casement double [1584204],,,1 TIER TOP HUNG - 2 PANELS,MCR18,TW2 (1500X770),,Aluminum,
Windows,Top hung casement double,TW3 (1200x770),Top hung casement double [1584345],,,1 TIER TOP HUNG - 2 PANELS,MCR18,TW3 (1200x770),,Aluminum,
Windows,Louvres_3 bays,AL7 (2400X1000),Louvres_3 bays [1936386],,,1 TIER LOUVER - 3 PANELS,MCR18,AL7 (2400X1000),,Aluminum,
Windows,Louvres_3 bays,AL7 (2400X1000),Louvres_3 bays [1936387],,,1 TIER LOUVER - 3 PANELS,MCR18,AL7 (2400X1000),,Aluminum,
Windows,Louvres_3 bays,AL7 (2400X1000),Louvres_3 bays [2657143],,,1 TIER LOUVER - 3 PANELS,MCR18,AL7 (2400X1000),,Aluminum,
Windows,Louvres_3 bays,AL7 (2400X1000),Louvres_3 bays [2657271],,,1 TIER LOUVER - 3 PANELS,MCR18,AL7 (2400X1000),,Aluminum,
Windows,Louvres_3 bays,AL7 (2400X1000),Louvres_3 bays [2676767],,,1 TIER LOUVER - 3 PANELS,MCR18,AL7 (2400X1000),,Aluminum,
Windows,Louvres_3 bays,AL7 (2400X1000),Louvres_3 bays [2676878],,,1 TIER LOUVER - 3 PANELS,MCR18,AL7 (2400X1000),,Aluminum,
Windows,LOUVERED - 4 PANELS,AL5 (3800x1600),LOUVERED - 4 PANELS [1959643],,,1 TIER LOUVER - 3 PANELS,MCR18,AL5 (3800x1600),,Aluminum,
Windows,LOUVERED - 4 PANELS,AL1 (4000x600),LOUVERED - 4 PANELS [5307537],,,1 TIER LOUVER - 3 PANELS,MCR18,AL1 (4000x600),,Aluminum,
Windows,LOUVERED - 4 PANELS,AL2 (5000x600),LOUVERED - 4 PANELS [5557234],,,1 TIER SLIDING - 4 PANELS,MCR18,AL2 (5000x600),,Aluminum,
Windows,LOUVERED - 4 PANELS,AL2 (5000x600),LOUVERED - 4 PANELS [8943490],,,1 TIER SLIDING - 4 PANELS,MCR18,AL2 (5000x600),,Aluminum,
Windows,Louvres_1 bay,AL8 (600X800),Louvres_1 bay [2030174],,,1 TIER LOUVER - 1 PANELS,MCR18,AL8 (600X800),,Aluminum,
Windows,Louvres_1 bay,AL13 (1000x500),Louvres_1 bay [2035821],,,1 TIER LOUVER - 1 PANELS,MCR18,AL13 (1000x500),,Aluminum,
Windows,Louvres_1 bay,AL6 (800x550),Louvres_1 bay [2038817],,,1 TIER LOUVER - 1 PANELS,MCR18,AL6 (800x550),,Aluminum,
Windows,Louvres_1 bay,AL9 (450X450),Louvres_1 bay [2144390],,,1 TIER LOUVER - 1 PANELS,MCR18,AL9 (450X450),,Aluminum,
Windows,Louvres_1 bay,AL14 (1000X1000),Louvres_1 bay [7514479],,,1 TIER LOUVER - 1 PANELS,MCR18,AL14 (1000X1000),,Aluminum,
Windows,Louvres_1 bay,AL19 (450x470),Louvres_1 bay [9862345],,,1 TIER LOUVER - 1 PANELS,MCR18,AL19 (450x470),,Aluminum,
Windows,Security Room W7A,WD7 (2000x1200),Security Room W7A [2979620],,,2 TIER SILDING - 4 PANELS,MCR18,WD7 (2000x1200),,Aluminum,
Planting,,,RPC Tree - Deciduous [1062671],,,,,,,,
Planting,,,RPC Tree - Deciduous1 [6054383],,,,,,,,
Planting,,,RPC Tree - Fall [6048821],,,,,,,,
Generic Models,Arup_MaintenanceZone_Rectangular,Default,Arup_MaintenanceZone_Rectangular [8522694],,,NA,MCR07,Default,,<By Category>,
Generic Models,EXIT Directional 2,EXIT Directional 2,EXIT Directional 2 [5899337],,,DIRECTIONAL SIGNAGE,MCR07,EXIT Directional 2,,Aluminum,
Generic Models,11112_WAVELINE-220,TGW-220,11112_WAVELINE-220 [9514846],,,Slotted Collection - TGW -220,MCR07,TGW-220,,"Jonite Stone (reinforced),<By Category>",
Generic Models,11112_WAVELINE-220,TGW-220,11112_WAVELINE-220 [9514864],,,Slotted Collection - TGW -220,MCR07,TGW-220,,"Jonite Stone (reinforced),<By Category>",
Generic Models,AED_DEFIBRILLATOR_AND_BACKPACK_CABINET_14701,AED_DEFIBRILLATOR_AND_BACKPACK_CABINET_14701,AED_DEFIBRILLATOR_AND_BACKPACK_CABINET_14701 [6752533],E2020200,Furniture & Accessories,AUTOMATED EXTERNAL DEFIBRILLATOR,MCR07,AED_DEFIBRILLATOR_AND_BACKPACK_CABINET_14701,,<By Category>,
Generic Models,NBS_Tiso_SStlBllrds_AutomaticTrafficBollard_RB349,RB349-15,NBS_Tiso_SStlBllrds_AutomaticTrafficBollard_RB349 [6977102],E1030900,Other Vehicular Equipment,TiSO traffic automatic bollards are due in part to the wide range of project applications and the simplicity of installation. This particular TiSO product has been designed and engineered to provide maximum operation durability,MCR07,RB349-15,,<By Category>,
Generic Models,NBS_Tiso_SStlBllrds_AutomaticTrafficBollard_RB349,RB349-15,NBS_Tiso_SStlBllrds_AutomaticTrafficBollard_RB349 [6977103],E1030900,Other Vehicular Equipment,TiSO traffic automatic bollards are due in part to the wide range of project applications and the simplicity of installation. This particular TiSO product has been designed and engineered to provide maximum operation durability,MCR07,RB349-15,,<By Category>,
Generic Models,JTC Logo2,JTC Logo,JTC Logo2 [6983382],,,JTC LOGO,MCR07,JTC Logo,,<By Category>,
Generic Models,POC_Ceiling Access Panel,600X600 AP,POC_Ceiling Access Panel [7182301],C3030900,Other Ceiling Finishes,Access Panel Size:600x600mm,MCR07,600X600 AP,,<By Category>,
Generic Models,POC_Ceiling Access Panel,600X600 AP,POC_Ceiling Access Panel [7182303],C3030900,Other Ceiling Finishes,Access Panel Size:600x600mm,MCR07,600X600 AP,,<By Category>,
Generic Models,POC_Ceiling Access Panel,600X600 AP,POC_Ceiling Access Panel [7182304],C3030900,Other Ceiling Finishes,Access Panel Size:600x600mm,MCR07,600X600 AP,,<By Category>,
Generic Models,Model Text,350 mm Insignia,Model Text [7413178],E2010100,Fixed Artwork,JTC MAIN ENTRANCE SIGNAGE,MCR07,350 mm Insignia,,PEDBBLES,
Generic Models,Model Text,100 mm Insignia,Model Text [7413209],,,JTC MAIN ENTRANCE SIGNAGE,MCR07,100 mm Insignia,,Roofing - Standing Seam,
Generic Models,Model Text,100 mm Insignia (JTC),Model Text [7413212],,,JTC MAIN ENTRANCE SIGNAGE,MCR07,100 mm Insignia (JTC),,Roofing - JTC Ocean Blue,
Generic Models,Bicycle_Lady_model_10198,Bicycle_Lady_model_10198,Bicycle_Lady_model_10198 [8584800],E1030200,Parking Control Equipment,BICYCLE BY OTHERS,MCR07,Bicycle_Lady_model_10198,,<By Category>,
Generic Models,Lysaght Klip-Lok Optima,0.40mm_BMT,Lysaght Klip-Lok Optima [7541591],B3010100,Roof Finishes,METAL ROOFING,MCR07,0.40mm_BMT,,<By Category>,
Generic Models,Lysaght Klip-Lok Optima,0.40mm_BMT 2,Lysaght Klip-Lok Optima [7544890],,,METAL ROOFING,MCR07,0.40mm_BMT 2,,<By Category>,
Generic Models,Lysaght Klip-Lok Optima,0.40mm_BMT 3,Lysaght Klip-Lok Optima [7671592],,,METAL ROOFING,MCR07,0.40mm_BMT 3,,<By Category>,
Generic Models,ELEC SHAFT SIGNAGE,ELEC SHAFT SIGNAGE,ELEC SHAFT SIGNAGE [7645127],,,ELEC SHAFT ROOM SIGNAGE,MCR07,ELEC SHAFT SIGNAGE,,Aluminum,
Generic Models,MDF ROOM SIGNAGE,MDF ROOM SIGNAGE,MDF ROOM SIGNAGE [7645984],,,MDF ROOM ROOM SIGNAGE,MCR07,MDF ROOM SIGNAGE,,Aluminum,
Generic Models,MEETING ROOM SIGNAGE,MEETING ROOM SIGNAGE,MEETING ROOM SIGNAGE [7661645],,,MEETING ROOM SIGNAGE,MCR07,MEETING ROOM SIGNAGE,,Aluminum,
Generic Models,OPERATION OFFICE SIGNAGE,OPERATION OFFICE SIGNAGE,OPERATION OFFICE SIGNAGE [7660036],,,OPERATION OFFICE ROOM SIGANGE,MCR07,OPERATION OFFICE SIGNAGE,,<By Category>,
Generic Models,TOILET SYMBOL,TOILET SYMBOL,TOILET SYMBOL [7652250],,,TOILET SIGANGE,MCR07,TOILET SYMBOL,,<By Category>,
Generic Models,TOILET SYMBOL,TOILET SYMBOL,TOILET SYMBOL [7652682],,,TOILET SIGANGE,MCR07,TOILET SYMBOL,,<By Category>,
Generic Models,PWD SYMBOL,PWD SYMBOL,PWD SYMBOL [7653540],,,ACCESSIBLE TOILET SIGNAGE,MCR07,PWD SYMBOL,,Aluminum,
Generic Models,PWD SYMBOL,PWD SYMBOL,PWD SYMBOL [7663354],,,ACCESSIBLE TOILET SIGNAGE,MCR07,PWD SYMBOL,,Aluminum,
Generic Models,FIRST AID ROOM SIGNAGE,FIRST AID ROOM SIGNAGE,FIRST AID ROOM SIGNAGE [7654783],,,FIRST AID ROOM SIGNAGE,MCR07,FIRST AID ROOM SIGNAGE,,Aluminum,
Generic Models,FM STORE SIGNAGE,FM STORE SIGNAGE,FM STORE SIGNAGE [7655901],,,FM STORE SIGNAGE,MCR07,FM STORE SIGNAGE,,Aluminum,
Generic Models,WORKMAN REST ROOM SIGNAGE,WORKMAN REST ROOM SIGNAGE,WORKMAN REST ROOM SIGNAGE [7657286],,,WORKMAN REST ROOM SIGNAGE,MCR07,WORKMAN REST ROOM SIGNAGE,,Aluminum,
Generic Models,OPERATION OFFICE ELV SPACE SIGNAGE,OPERATION OFFICE ELV SPACE SIGNAGE,OPERATION OFFICE ELV SPACE SIGNAGE [7659788],,,OPERATION OFFICE SIGNAGE,MCR07,OPERATION OFFICE ELV SPACE SIGNAGE,,Aluminum,
Generic Models,FM OFFICE SIGNAGE,FM OFFICE SIGNAGE,FM OFFICE SIGNAGE [7661185],,,FM OFFICE SIGANGE,MCR07,FM OFFICE SIGNAGE,,<By Category>,
Generic Models,FEMALE TOILET SYMBOL SIGNAGE,FEMALE TOILET SYMBOL SIGNAGE,FEMALE TOILET SYMBOL SIGNAGE [7664309],,,FEMALE TOILET SIGNAGE,MCR07,FEMALE TOILET SYMBOL SIGNAGE,,Aluminum,
Generic Models,MALE TOILET SYMBOL SIGNAGE,MALE TOILET SYMBOL SIGNAGE,MALE TOILET SYMBOL SIGNAGE [7665439],,,MALE TOILET SIGNAGE,MCR07,MALE TOILET SYMBOL SIGNAGE,,Aluminum,
Generic Models,SECURITY,SECURITY,SECURITY [7666573],,,SECURITY ROOM SIGANGE,MCR07,SECURITY,,<By Category>,
Generic Models,Outlet - 2 Outlet 2 Switch,Outlet - 2 Outlet 2 Switch,Outlet - 2 Outlet 2 Switch [7937852],E1090900,Other Equipment,FIRE RATED ROLLER SHUTTER SWITCH,MCR07,Outlet - 2 Outlet 2 Switch,,<By Category>,
Generic Models,FIRE CONTROL MODULE,FIRE CONTROL MODULE,FIRE CONTROL MODULE [7944661],,,FIRE RATED ROLLER SHUTTER - FIRE CONTROL MODULE,MCR07,FIRE CONTROL MODULE,,<By Category>,
Generic Models,Pallet_Racking_-_Victor_-_Adjustable_Beams_-_Optional_Shelving_8623,600 x 1200mm Racking,Pallet_Racking_-_Victor_-_Adjustable_Beams_-_Optional_Shelving_8623 [8062249],,,NA,MCR07,600 x 1200mm Racking,,<By Category>,
Generic Models,OG Box130,OG Box,OG Box130 [8062247],,,NA,NA,OG Box,,<By Category>,
Generic Models,Generic Models 2,Generic Models 1,Generic Models 2 [8559094],,,STEEL CHAIN FOR RESCUE PLATFORM,MCR07,Generic Models 1,,<By Category>,
Generic Models,Generic Models 3,Generic Models 1,Generic Models 3 [8559272],,,STEEL CHAIN FOR RESCUE PLATFORM,MCR07,Generic Models 1,,<By Category>,
Generic Models,Generic Models 4,Generic Models 1,Generic Models 4 [8559418],,,STEEL CHAIN FOR RESCUE PLATFORM,MCR07,Generic Models 1,,<By Category>,
Generic Models,Generic Models 5,Generic Models 1,Generic Models 5 [8559435],E1090100,Maintenance Equipment,STEEL CHAIN FOR RESCUE PLATFORM,MCR07,Generic Models 1,,<By Category>,
Generic Models,Generic Models 6,Generic Models 1,Generic Models 6 [8559455],,,STEEL CHAIN FOR RESCUE PLATFORM,MCR07,Generic Models 1,,<By Category>,
Generic Models,Generic Models 1,Generic Models 1,Generic Models 1 [8593808],,,STEEL CHAIN FOR RESCUE PLATFORM,NA,Generic Models 1,,<By Category>,
Generic Models,Generic Models 7,Generic Models 7,Generic Models 7 [9224066],,,48 DIAMETER X 2MM THK PIPE REMOVABLE RAILING,MCR07,Generic Models 7,,<By Category>,
Generic Models,Generic Models 8,Generic Models 1,Generic Models 8 [9224539],,,STEEL CHAIN FOR RESCUE PLATFORM,MCR07,Generic Models 1,,<By Category>,
Generic Models,Generic Models 9,Generic Models 1,Generic Models 9 [9224558],,,STEEL CHAIN FOR RESCUE PLATFORM,MCR07,Generic Models 1,,<By Category>,
Generic Models,Generic Models 10,Generic Models 1,Generic Models 10 [9227995],,,STEEL CHAIN FOR RESCUE PLATFORM,MCR07,Generic Models 1,,<By Category>,
Generic Models,Generic Models 11,Generic Models 1,Generic Models 11 [9228015],,,STEEL CHAIN FOR RESCUE PLATFORM,MCR07,Generic Models 1,,<By Category>,
Generic Models,Furniture 2,Furniture 2,Furniture 2 [9316724],,,SAFETY HOOK,MCR07,Furniture 2,,<By Category>,
Generic Models,Generic Models 12,Generic Models 12,Generic Models 12 [9384307],,,CLAMPS DESIGNED FOR KLIPLOK ROOF,MCR07,Generic Models 12,,<By Category>,
Generic Models,Generic Models 13,Generic Models 13,Generic Models 13 [9385063],,,KLIPLOK,MCR07,Generic Models 13,,<By Category>,
Generic Models,Generic Models 14,Generic Models 12,Generic Models 14 [9385681],E1090100,Maintenance Equipment,CLAMPS DESIGNED FOR KLIPLOK ROOF,MCR07,Generic Models 12,,<By Category>,
Generic Models,Generic Models 15,Generic Models 15,Generic Models 15 [9387292],,,BOLTS & NUTS,MCR07,Generic Models 15,,<By Category>,
Generic Models,Generic Models 16,Generic Models 12,Generic Models 16 [9389607],,,CLAMPS DESIGNED FOR KLIPLOK ROOF,MCR07,Generic Models 12,,<By Category>,
Generic Models,Generic Models 17,Generic Models 13,Generic Models 17 [9389620],,,KLIPLOK,MCR07,Generic Models 13,,<By Category>,
Generic Models,Generic Models 18,Generic Models 12,Generic Models 18 [9389632],,,CLAMPS DESIGNED FOR KLIPLOK ROOF,MCR07,Generic Models 12,,<By Category>,
Generic Models,Generic Models 19,Generic Models 15,Generic Models 19 [9389648],,,BOLTS & NUTS,MCR07,Generic Models 15,,<By Category>,
Generic Models,Generic Models 20,Generic Models 12,Generic Models 20 [9391668],,,CLAMPS DESIGNED FOR KLIPLOK ROOF,MCR07,Generic Models 12,,<By Category>,
Generic Models,Generic Models 21,Generic Models 13,Generic Models 21 [9391681],,,KLIPLOK,MCR07,Generic Models 13,,<By Category>,
Generic Models,Generic Models 22,Generic Models 12,Generic Models 22 [9391693],,,CLAMPS DESIGNED FOR KLIPLOK ROOF,MCR07,Generic Models 12,,<By Category>,
Generic Models,Generic Models 23,Generic Models 15,Generic Models 23 [9391709],,,BOLTS & NUTS,MCR07,Generic Models 15,,<By Category>,
Generic Models,Generic Models 24,Generic Models 12,Generic Models 24 [9391843],,,CLAMPS DESIGNED FOR KLIPLOK ROOF,MCR07,Generic Models 12,,<By Category>,
Generic Models,Generic Models 25,Generic Models 13,Generic Models 25 [9391856],,,KLIPLOK,MCR07,Generic Models 13,,<By Category>,
Generic Models,Generic Models 26,Generic Models 12,Generic Models 26 [9391868],,,CLAMPS DESIGNED FOR KLIPLOK ROOF,MCR07,Generic Models 12,,<By Category>,
Generic Models,Generic Models 27,Generic Models 15,Generic Models 27 [9391884],,,BOLTS & NUTS,MCR07,Generic Models 15,,<By Category>,
Generic Models,Generic Models 28,Generic Models 12,Generic Models 28 [9392059],,,CLAMPS DESIGNED FOR KLIPLOK ROOF,MCR07,Generic Models 12,,<By Category>,
Generic Models,Generic Models 29,Generic Models 13,Generic Models 29 [9392072],,,KLIPLOK,MCR07,Generic Models 13,,<By Category>,
Generic Models,Generic Models 30,Generic Models 12,Generic Models 30 [9392084],,,CLAMPS DESIGNED FOR KLIPLOK ROOF,MCR07,Generic Models 12,,<By Category>,
Generic Models,Generic Models 31,Generic Models 15,Generic Models 31 [9392100],,,BOLTS & NUTS,MCR07,Generic Models 15,,<By Category>,
Generic Models,Generic Models 32,Generic Models 12,Generic Models 32 [9392669],,,CLAMPS DESIGNED FOR KLIPLOK ROOF,MCR07,Generic Models 12,,<By Category>,
Generic Models,Generic Models 33,Generic Models 13,Generic Models 33 [9392682],,,KLIPLOK,MCR07,Generic Models 13,,<By Category>,
Generic Models,Generic Models 34,Generic Models 12,Generic Models 34 [9392694],,,CLAMPS DESIGNED FOR KLIPLOK ROOF,MCR07,Generic Models 12,,<By Category>,
Generic Models,Generic Models 35,Generic Models 15,Generic Models 35 [9392710],,,BOLTS & NUTS,MCR07,Generic Models 15,,<By Category>,
Generic Models,Generic Models 36,Generic Models 12,Generic Models 36 [9392878],,,CLAMPS DESIGNED FOR KLIPLOK ROOF,MCR07,Generic Models 12,,<By Category>,
Generic Models,Generic Models 37,Generic Models 13,Generic Models 37 [9392891],,,KLIPLOK,MCR07,Generic Models 13,,<By Category>,
Generic Models,Generic Models 38,Generic Models 12,Generic Models 38 [9392903],,,CLAMPS DESIGNED FOR KLIPLOK ROOF,MCR07,Generic Models 12,,<By Category>,
Generic Models,Generic Models 39,Generic Models 15,Generic Models 39 [9392919],,,BOLTS & NUTS,MCR07,Generic Models 15,,<By Category>,
Generic Models,Generic Models 40,Generic Models 12,Generic Models 40 [9393079],,,CLAMPS DESIGNED FOR KLIPLOK ROOF,MCR07,Generic Models 12,,<By Category>,
Generic Models,Generic Models 41,Generic Models 13,Generic Models 41 [9393092],,,KLIPLOK,MCR07,Generic Models 13,,<By Category>,
Generic Models,Generic Models 42,Generic Models 12,Generic Models 42 [9393104],,,CLAMPS DESIGNED FOR KLIPLOK ROOF,MCR07,Generic Models 12,,<By Category>,
Generic Models,Generic Models 43,Generic Models 15,Generic Models 43 [9393120],,,BOLTS & NUTS,MCR07,Generic Models 15,,<By Category>,
Generic Models,Generic Models 44,Generic Models 12,Generic Models 44 [9393288],,,CLAMPS DESIGNED FOR KLIPLOK ROOF,MCR07,Generic Models 12,,<By Category>,
Generic Models,Generic Models 45,Generic Models 13,Generic Models 45 [9393301],,,KLIPLOK,MCR07,Generic Models 13,,<By Category>,
Generic Models,Generic Models 46,Generic Models 12,Generic Models 46 [9393313],,,CLAMPS DESIGNED FOR KLIPLOK ROOF,MCR07,Generic Models 12,,<By Category>,
Generic Models,Generic Models 47,Generic Models 15,Generic Models 47 [9393329],,,BOLTS & NUTS,MCR07,Generic Models 15,,<By Category>,
Generic Models,Generic Models 48,Generic Models 12,Generic Models 48 [9393864],,,CLAMPS DESIGNED FOR KLIPLOK ROOF,MCR07,Generic Models 12,,<By Category>,
Generic Models,Generic Models 49,Generic Models 13,Generic Models 49 [9393877],,,KLIPLOK,MCR07,Generic Models 13,,<By Category>,
Generic Models,Generic Models 50,Generic Models 12,Generic Models 50 [9393889],,,CLAMPS DESIGNED FOR KLIPLOK ROOF,MCR07,Generic Models 12,,<By Category>,
Generic Models,Generic Models 51,Generic Models 15,Generic Models 51 [9393905],,,BOLTS & NUTS,MCR07,Generic Models 15,,<By Category>,
Generic Models,Generic Models 52,Generic Models 12,Generic Models 52 [9393932],,,CLAMPS DESIGNED FOR KLIPLOK ROOF,MCR07,Generic Models 12,,<By Category>,
Generic Models,Generic Models 53,Generic Models 13,Generic Models 53 [9393945],,,KLIPLOK,MCR07,Generic Models 13,,<By Category>,
Generic Models,Generic Models 54,Generic Models 12,Generic Models 54 [9393957],,,CLAMPS DESIGNED FOR KLIPLOK ROOF,MCR07,Generic Models 12,,<By Category>,
Generic Models,Generic Models 55,Generic Models 15,Generic Models 55 [9393973],,,BOLTS & NUTS,MCR07,Generic Models 15,,<By Category>,
Generic Models,Generic Models 56,Generic Models 12,Generic Models 56 [9394133],,,CLAMPS DESIGNED FOR KLIPLOK ROOF,MCR07,Generic Models 12,,<By Category>,
Generic Models,Generic Models 57,Generic Models 13,Generic Models 57 [9394146],,,KLIPLOK,MCR07,Generic Models 13,,<By Category>,
Generic Models,Generic Models 58,Generic Models 12,Generic Models 58 [9394158],,,CLAMPS DESIGNED FOR KLIPLOK ROOF,MCR07,Generic Models 12,,<By Category>,
Generic Models,Generic Models 59,Generic Models 15,Generic Models 59 [9394174],,,BOLTS & NUTS,MCR07,Generic Models 15,,<By Category>,
Generic Models,Generic Models 60,Generic Models 12,Generic Models 60 [9394315],,,CLAMPS DESIGNED FOR KLIPLOK ROOF,MCR07,Generic Models 12,,<By Category>,
Generic Models,Generic Models 61,Generic Models 13,Generic Models 61 [9394328],,,KLIPLOK,MCR07,Generic Models 13,,<By Category>,
Generic Models,Generic Models 62,Generic Models 12,Generic Models 62 [9394340],,,CLAMPS DESIGNED FOR KLIPLOK ROOF,MCR07,Generic Models 12,,<By Category>,
Generic Models,Generic Models 63,Generic Models 15,Generic Models 63 [9394356],,,BOLTS & NUTS,MCR07,Generic Models 15,,<By Category>,
Generic Models,Generic Models 64,Generic Models 12,Generic Models 64 [9394672],,,CLAMPS DESIGNED FOR KLIPLOK ROOF,MCR07,Generic Models 12,,<By Category>,
Generic Models,Generic Models 65,Generic Models 13,Generic Models 65 [9394685],,,KLIPLOK,MCR07,Generic Models 13,,<By Category>,
Generic Models,Generic Models 66,Generic Models 12,Generic Models 66 [9394697],,,CLAMPS DESIGNED FOR KLIPLOK ROOF,MCR07,Generic Models 12,,<By Category>,
Generic Models,Generic Models 67,Generic Models 15,Generic Models 67 [9394713],,,BOLTS & NUTS,MCR07,Generic Models 15,,<By Category>,
Generic Models,Generic Models 68,Generic Models 68,Generic Models 68 [9395308],,,SS316 CABLE 8MM DIA,MCR07,Generic Models 68,,<By Category>,
Generic Models,Generic Models 69,Generic Models 69,Generic Models 69 [9395854],,,SS316 CABLE 8MM DIA,MCR07,Generic Models 69,,<By Category>,
Generic Models,Generic Models 70,Generic Models 12,Generic Models 70 [9396495],,,CLAMPS DESIGNED FOR KLIPLOK ROOF,MCR07,Generic Models 12,,<By Category>,
Generic Models,Generic Models 71,Generic Models 13,Generic Models 71 [9396508],,,KLIPLOK,MCR07,Generic Models 13,,<By Category>,
Generic Models,Generic Models 72,Generic Models 12,Generic Models 72 [9396520],,,CLAMPS DESIGNED FOR KLIPLOK ROOF,MCR07,Generic Models 12,,<By Category>,
Generic Models,Generic Models 73,Generic Models 15,Generic Models 73 [9396536],,,BOLTS & NUTS,MCR07,Generic Models 15,,<By Category>,
Generic Models,Generic Models 74,Generic Models 12,Generic Models 74 [9396593],,,CLAMPS DESIGNED FOR KLIPLOK ROOF,MCR07,Generic Models 12,,<By Category>,
Generic Models,Generic Models 75,Generic Models 13,Generic Models 75 [9396606],,,KLIPLOK,MCR07,Generic Models 13,,<By Category>,
Generic Models,Generic Models 76,Generic Models 12,Generic Models 76 [9396618],,,CLAMPS DESIGNED FOR KLIPLOK ROOF,MCR07,Generic Models 12,,<By Category>,
Generic Models,Generic Models 77,Generic Models 15,Generic Models 77 [9396634],,,BOLTS & NUTS,MCR07,Generic Models 15,,<By Category>,
Generic Models,Generic Models 78,Generic Models 12,Generic Models 78 [9396657],,,CLAMPS DESIGNED FOR KLIPLOK ROOF,MCR07,Generic Models 12,,<By Category>,
Generic Models,Generic Models 79,Generic Models 13,Generic Models 79 [9396670],,,KLIPLOK,MCR07,Generic Models 13,,<By Category>,
Generic Models,Generic Models 80,Generic Models 12,Generic Models 80 [9396682],,,CLAMPS DESIGNED FOR KLIPLOK ROOF,MCR07,Generic Models 12,,<By Category>,
Generic Models,Generic Models 81,Generic Models 15,Generic Models 81 [9396698],,,BOLTS & NUTS,MCR07,Generic Models 15,,<By Category>,
Generic Models,Generic Models 82,Generic Models 82,Generic Models 82 [9396869],,,SS316 CABLE 8MM DIA,MCR07,Generic Models 82,,<By Category>,
Generic Models,Generic Models 83,Generic Models 83,Generic Models 83 [9397337],,,SS316 CABLE 8MM DIA,MCR07,Generic Models 83,,<By Category>,
Generic Models,Generic Models 84,Generic Models 83,Generic Models 84 [9397443],,,SS316 CABLE 8MM DIA,MCR07,Generic Models 83,,<By Category>,
Generic Models,Generic Models 85,Generic Models 83,Generic Models 85 [9397531],,,SS316 CABLE 8MM DIA,MCR07,Generic Models 83,,<By Category>,
Generic Models,Generic Models 86,Generic Models 83,Generic Models 86 [9397625],,,SS316 CABLE 8MM DIA,MCR07,Generic Models 83,,<By Category>,
Generic Models,11112_WAVELINE-220-405_,TGW-220,11112_WAVELINE-220-405_ [9502702],,,Slotted Collection - TGW -220,MCR07,TGW-220,,"Jonite Stone (reinforced),<By Category>",
Generic Models,11112_WAVELINE-220-405_,TGW-220,11112_WAVELINE-220-405_ [9514358],,,Slotted Collection - TGW -220,MCR07,TGW-220,,"Jonite Stone (reinforced),<By Category>",
Generic Models,NEW,TGW-220,NEW [9513891],,,Slotted Collection - TGW -220,MCR07,TGW-220,,"Jonite Stone (reinforced),<By Category>",
Generic Models,GUARD POST SIGNAGE,GUARD POST SIGNAGE,GUARD POST SIGNAGE [9925444],,,GUARD POST ROOM SIGNAGE,MCR07,GUARD POST SIGNAGE,,Aluminum,
Generic Models,MALE TOILET_SYMBOL SIGNAGE,MALE TOILET_SYMBOL SIGNAGE,MALE TOILET_SYMBOL SIGNAGE [9935959],,,MALE TOILET SIGNAGE,MCR07,MALE TOILET_SYMBOL SIGNAGE,,Aluminum,
Generic Models,Fire Extinguisher2,Fire Extinguisher,Fire Extinguisher2 [9967035],,,FIRE EXTINGUISHER SIGNAGE,MCR07,Fire Extinguisher,,Aluminum,
Generic Models,Generic Models 90,Generic Models 90,Generic Models 90 [9975315],,,NA,MCR07,Generic Models 90,,<By Category>,
Generic Models,NO ENTRY,NO ENTRY,NO ENTRY [10060993],,,NO ENTRY SIGNAGE,MCR07,NO ENTRY,,Aluminum,
Generic Models,NO ENTRY,NO ENTRY,NO ENTRY [10061226],,,NO ENTRY SIGNAGE,MCR07,NO ENTRY,,Aluminum,
Generic Models,RESTRICTED AREA,RESTRICTED AREA,RESTRICTED AREA [10061578],,,RESTRICTED AREA SIGNAGE,MCR07,RESTRICTED AREA,,Aluminum,
Generic Models,RESTRICTED AREA,RESTRICTED AREA,RESTRICTED AREA [10063091],,,RESTRICTED AREA SIGNAGE,MCR07,RESTRICTED AREA,,Aluminum,
Generic Models,SANITARY SEWER DUCT,SANITARY SEWER DUCT,SANITARY SEWER DUCT [10065607],,,SANITARY SEWER SIGNAGE,MCR07,SANITARY SEWER DUCT,,Aluminum,
Generic Models,SANITARY SEWER DUCT,SANITARY SEWER DUCT,SANITARY SEWER DUCT [10065948],,,SANITARY SEWER SIGNAGE,MCR07,SANITARY SEWER DUCT,,Aluminum,
Generic Models,Directional signage 1,Directional signage 1,Directional signage 1 [10067096],,,DIRECTIONAL SIGNAGE,MCR07,Directional signage 1,,Aluminum,
Generic Models,Directional signage 2,Directional signage 2,Directional signage 2 [10074650],,,DIRECTIONAL SIGNAGE,MCR07,Directional signage 2,,Aluminum,
Generic Models,Directional signage 3,Directional signage 3,Directional signage 3 [10076226],,,ACCESSIBLE DIRECTIONAL SIGNAGE,MCR07,Directional signage 3,,Aluminum,
Generic Models,Directional signage 3,Directional signage 3,Directional signage 3 [10082981],,,ACCESSIBLE DIRECTIONAL SIGNAGE,MCR07,Directional signage 3,,Aluminum,
Generic Models,Directional signage 3,Directional signage 3,Directional signage 3 [10084942],,,ACCESSIBLE DIRECTIONAL SIGNAGE,MCR07,Directional signage 3,,Aluminum,
Generic Models,Directional signage 3,Directional signage 3,Directional signage 3 [10084999],,,ACCESSIBLE DIRECTIONAL SIGNAGE,MCR07,Directional signage 3,,Aluminum,
Generic Models,Directional signage 4,Directional signage 4,Directional signage 4 [10083623],,,ACCESSIBLE DIRECTIONAL SIGNAGE,MCR07,Directional signage 4,,Aluminum,
Generic Models,LIGHTNING WARNING SIGNAGE,LIGHTNING WARNING SIGNAGE,LIGHTNING WARNING SIGNAGE [10279844],,,LIGHTNING WARNING SIGNAGE,MCR07,LIGHTNING WARNING SIGNAGE,,Aluminum,
Generic Models,FE,FE,FE [10220448],,,FIRE EXTINGUISHER SIGNAGE,MCR07,FE,,Aluminum,
Generic Models,FE,FE,FE [10251849],,,FIRE EXTINGUISHER SIGNAGE,MCR07,FE,,Aluminum,
Generic Models,RB,RB,RB [10153018],,,EXIT REQUEST BUTTON SIGNAGE,MCR07,RB,,Aluminum,
Generic Models,RB,RB,RB [10251790],,,EXIT REQUEST BUTTON SIGNAGE,MCR07,RB,,Aluminum,
Generic Models,HR,HR,HR [10214696],,,HOSE REEL SIGNAGE,MCR07,HR,,Aluminum,
Generic Models,PWD PARKING,PWD PARKING,PWD PARKING [10193393],,,PWD PARKING SIGNAGE,MCR07,PWD PARKING,,Metal - Aluminum,
Generic Models,JANITOR,JANITOR,JANITOR [10220388],,,JANITOR ROOM SIGNAGE,MCR07,JANITOR,,Aluminum,
Generic Models,VISITOR PLEASE PROCEED TO GUARDHOUSE SIGN,VISITOR PLEASE PROCEED TO GUARDHOUSE SIGN,VISITOR PLEASE PROCEED TO GUARDHOUSE SIGN [10285611],,,VISITOR PLEASE PROCEED TO GUARDHOUSE SIGNAGE,MCR07,VISITOR PLEASE PROCEED TO GUARDHOUSE SIGN,,Aluminum,
Furniture,Chair-Desk,Chair-Desk,Chair-Desk [1111424],E2020200,Furniture & Accessories,MID BACK MESH CHAIR WITH ARMREST,MCR06,Chair-Desk,,Black Leather,
Furniture,Chair-Desk,Chair-Desk,Chair-Desk [1111425],E2020200,Furniture & Accessories,MID BACK MESH CHAIR WITH ARMREST,MCR06,Chair-Desk,,Black Leather,
Furniture,Desk-Guard Post,800x1500,Desk-Guard Post [7874015],E2020200,Furniture & Accessories,T2 SERIES - RECTANGULAR TABLE WITH WOODEN MODESTY PANEL,MCR06,800x1500,,Wood-ladderback chair,
Furniture,Desk-Guard Post,800x1500,Desk-Guard Post [8420597],E2020200,Furniture & Accessories,T2 SERIES - RECTANGULAR TABLE WITH WOODEN MODESTY PANEL,MCR06,800x1500,,Wood-ladderback chair,
Furniture,Low Cabinet_FAA,Low Cabinet_FAA,Low Cabinet_FAA [10190226],E2020200,Furniture & Accessories,LOW HEIGHT STEEL SWING DOOR CABINET,MCR06,Low Cabinet_FAA,,Steel,
Furniture,Table-Rectangular,1400x5600,Table-Rectangular [7679726],E2020200,Furniture & Accessories,MEETING ROOM TABLE,MCR06,1400x5600,,Steel,
Furniture,Simple_examination_couch_10807,Simple_examination_couch_10807,Simple_examination_couch_10807 [7680896],E2020200,Furniture & Accessories,FIRST AID COUCH,MCR06,Simple_examination_couch_10807,,Black Leather,
Furniture,NBS_GarranLockersLtd_Lckrs_EquipmentLockers,381L x 457D x 1828H,NBS_GarranLockersLtd_Lckrs_EquipmentLockers [7681272],126.5,,Emergency service locker,MCR06,381L x 457D x 1828H,,Steel,
Furniture,SOFA_-_LOVESEAT_20370,SOFA_-_LOVESEAT_20370,SOFA_-_LOVESEAT_20370 [7689017],,,SOFA,MCR06,SOFA_-_LOVESEAT_20370,,FABRIC,
Furniture,Reece_Chair_18706,Reece_Chair_18706,Reece_Chair_18706 [7712893],E2020200,Furniture & Accessories,Type Catalog,MCR06,Reece_Chair_18706,,FABRIC,
Furniture,Table_with_8_ladderback_chairs_4708 (1),740X1180X750,Table_with_8_ladderback_chairs_4708 (1) [7715291],,,DINNING TABLE,MCR06,740X1180X750,,WOOD,
Furniture,HermanMiller_Seating_Embody_WorkChair,Std-Ht Fully Adj Arms,HermanMiller_Seating_Embody_WorkChair [7808887],E2020200,Furniture & Accessories,MID BACK MESH CHAIR WITH ARMREST,Embody Chair,Std-Ht Fully Adj Arms,,FABRIC,
Furniture,HermanMiller_Seating_Embody_WorkChair,Std-Ht Fully Adj Arms,HermanMiller_Seating_Embody_WorkChair [7808888],E2020200,Furniture & Accessories,MID BACK MESH CHAIR WITH ARMREST,Embody Chair,Std-Ht Fully Adj Arms,,FABRIC,
Furniture,Low Cabinet_Guard Post,Low Cabinet_Guard Post,Low Cabinet_Guard Post [10039770],,,PEDESTAL DRAWER,MCR06,Low Cabinet_Guard Post,,Steel,
Furniture,Low Cabinet_Guard Post,Low Cabinet_Guard Post,Low Cabinet_Guard Post [10043480],,,PEDESTAL DRAWER,MCR06,Low Cabinet_Guard Post,,Steel,
Furniture,Hight Cabinet_FAA,Hight Cabinet_FAA,Hight Cabinet_FAA [10057355],,,FULL HEIGHT STEEL SWING DOOR CABINET,MCR06,Hight Cabinet_FAA,,Steel,
Furniture,Hight Cabinet_FAA,Hight Cabinet_FAA,Hight Cabinet_FAA [10188345],,,FULL HEIGHT STEEL SWING DOOR CABINET,MCR06,Hight Cabinet_FAA,,Steel,
Plumbing Fixtures,WASH BASIN LU3310A ,AR_SAN-001_440 x 350mm,WASH BASIN LU3310A  [7554078],C1030210,Bath & Toilet Accessories - Commercial,UNDERCOUNTER LAVATORY,MCR09,AR_SAN-001_440 x 350mm,,Steel,
Plumbing Fixtures,WASH BASIN LU3310A ,AR_SAN-001_440 x 350mm,WASH BASIN LU3310A  [7554079],C1030210,Bath & Toilet Accessories - Commercial,UNDERCOUNTER LAVATORY,MCR09,AR_SAN-001_440 x 350mm,,Steel,
Plumbing Fixtures,OMC2-TOTO-Handwash Basin-wtith auto sensor,TOTO-Handwash Basin-LW236J-LW242HFJ,OMC2-TOTO-Handwash Basin-wtith auto sensor [9849679],,,WALL HUNG LAVATORY,MCR09,TOTO-Handwash Basin-LW236J-LW242HFJ,,Water Closet - Ceramic,
Plumbing Fixtures,LOUIS-Grab Bar-LGF7010,STAINLESS STEEL SWING-UP GRAB BAR,LOUIS-Grab Bar-LGF7010 [5356462],,,STAINLESS STEEL SWING UP GRAB BAR,MCR09,STAINLESS STEEL SWING-UP GRAB BAR,,Stainless Steel,
Plumbing Fixtures,LOUIS-Grab Bar-LGF7010,STAINLESS STEEL SWING-UP GRAB BAR,LOUIS-Grab Bar-LGF7010 [5529353],,,STAINLESS STEEL SWING UP GRAB BAR,MCR09,STAINLESS STEEL SWING-UP GRAB BAR,,Stainless Steel,
Plumbing Fixtures,LOUIS-Grab Bar-LGC12075-76,LOUIS-Grab Bar-LGC12075-76,LOUIS-Grab Bar-LGC12075-76 [5515664],,,HANDICAP GRAB BAR,MCR09,LOUIS-Grab Bar-LGC12075-76,,Stainless Steel,
Plumbing Fixtures,LOUIS-Grab Bar-LGC12075-76,LOUIS-Grab Bar-LGC12075-76,LOUIS-Grab Bar-LGC12075-76 [7587654],,,HANDICAP GRAB BAR,MCR09,LOUIS-Grab Bar-LGC12075-76,,Stainless Steel,
Plumbing Fixtures,LOUIS-Shower Seat-LSS5334,LOUIS-Shower Seat-LSS5334,LOUIS-Shower Seat-LSS5334 [5515960],,,SHOWER SEAT,MCR09,LOUIS-Shower Seat-LSS5334,,Nylon,
Plumbing Fixtures,TOTO-Shower Fittings-TX433SJN n  LOUIS E1,TOTO-Shower Fittings-TX433SJN n  LOUIS E301001,TOTO-Shower Fittings-TX433SJN n  LOUIS E1 [8961230],,,CONCEALED SHOWER MIXER,MCR09,TOTO-Shower Fittings-TX433SJN n  LOUIS E301001,,BRASS WITH CHROME FINISHING,
Plumbing Fixtures,LOUIS-Grab Bar-LGL75L80,LOUIS-Grab Bars-LGL75L80,LOUIS-Grab Bar-LGL75L80 [5519568],,,HANDICAP GRAB BAR,MCR09,LOUIS-Grab Bars-LGL75L80,,Stainless Steel,
Plumbing Fixtures,LOUIS-Toilet Accessories-PC245HC,LOUIS-Toilet Accessories-PC245HC,LOUIS-Toilet Accessories-PC245HC [9853853],,,ROBE HOOK,MCR09,LOUIS-Toilet Accessories-PC245HC,,Stainless Steel,
Plumbing Fixtures,LOUIS-Toilet Accessories-PC245HC,LOUIS-Toilet Accessories-PC245HC,LOUIS-Toilet Accessories-PC245HC [9853854],,,ROBE HOOK,MCR09,LOUIS-Toilet Accessories-PC245HC,,Stainless Steel,
Plumbing Fixtures,RIGEL WH2105BP WALL HUNG WC,RIGEL WH2105BP WALL HUNG WC,RIGEL WH2105BP WALL HUNG WC [5528964],,,PEDESTAL WATER CLOSET,MCR09,RIGEL WH2105BP WALL HUNG WC,,Water Closet - Ceramic,
Plumbing Fixtures,RIGEL WH2105BP WALL HUNG WC,RIGEL WH2105BP WALL HUNG WC,RIGEL WH2105BP WALL HUNG WC [7089430],,,PEDESTAL WATER CLOSET,MCR09,RIGEL WH2105BP WALL HUNG WC,,Water Closet - Ceramic,
Plumbing Fixtures,LOUIS-Grab Bar-LG4545-Vertical,TOTO-Grab Bar-LG4545-Vertical,LOUIS-Grab Bar-LG4545-Vertical [5529504],,,HANDICAP GRAB BAR,MCR09,TOTO-Grab Bar-LG4545-Vertical,,Stainless Steel,
Plumbing Fixtures,LOUIS-Grab Bar-LG4545-Vertical,TOTO-Grab Bar-LG4545-Vertical,LOUIS-Grab Bar-LG4545-Vertical [5603624],,,HANDICAP GRAB BAR,MCR09,TOTO-Grab Bar-LG4545-Vertical,,Stainless Steel,
Plumbing Fixtures,TOTO_Bidet Spray_TX403SMCRB,TOTO_Bidet Spray_TX403SMCRB,TOTO_Bidet Spray_TX403SMCRB [5606118],,,HAND BIDET SPRAYER WITH METALLIC PVC HOSE,MCR09,TOTO_Bidet Spray_TX403SMCRB,,Metal - Chrome Polished,
Plumbing Fixtures,TOTO_Bidet Spray_TX403SMCRB,TOTO_Bidet Spray_TX403SMCRB,TOTO_Bidet Spray_TX403SMCRB [5606181],,,HAND BIDET SPRAYER WITH METALLIC PVC HOSE,MCR09,TOTO_Bidet Spray_TX403SMCRB,,Metal - Chrome Polished,
Plumbing Fixtures,ISI_IdealStandard_WCPans_Tempo_T3279,T3279 - Tempo back to wall WC pan with horizontal outlet,ISI_IdealStandard_WCSeats_Tempo_SeatAndCover [10473265],C1030200,Bath & Toilet Accessories,"Tempo seat & cover,  slow close",NA,"T697301 - Tempo Seat & Cover, Slow Close",,<By Category>,
Plumbing Fixtures,ISI_IdealStandard_WCPans_Tempo_T3279,T3279 - Tempo back to wall WC pan with horizontal outlet,ISI_IdealStandard_WCPans_Tempo_T3279 [8479410],C1030200,Bath & Toilet Accessories,Tempo back-to-wall wc pan with horizontal outlet,MCR09,T3279 - Tempo back to wall WC pan with horizontal outlet,,Water Closet - Ceramic,
Plumbing Fixtures,Sanitary-Equipment_Duravit_Urinal-Ben_084737,084737 White Alpin,Sanitary-Equipment_Duravit_Urinal-Ben_084737 [9871133],,,WALL HUNG URINAL,MCR09,084737 White Alpin,,Water Closet - Ceramic,
Plumbing Fixtures,OMC2-TOTO-Handwash Basin-LW236J-LW242HFJ,TOTO-Handwash Basin-LW236J-LW242HFJ,OMC2-TOTO-Handwash Basin-LW236J-LW242HFJ [5545539],,,WALL HUNG LAVATORY,MCR09,TOTO-Handwash Basin-LW236J-LW242HFJ,,Water Closet - Ceramic,
Plumbing Fixtures,TOTO-Flush Valve-TEF75LSV3,TEF75LSV3_E.BOX ON,TOTO-Flush Valve-TEF75LSV3 [8480776],,,SENSE FLUSH VALVE - CONCEALED BOX,MCR09,TEF75LSV3_E.BOX ON,,Steel,
Plumbing Fixtures,ASH_ArmitageShanks_Sinks_Stewart,"S6006 - Stewart Inset Sink, Single Bowl - Right Hand Drainer",ASH_ArmitageShanks_PillarTaps_Markwik_S8265 [5808232],C1030200,Bath & Toilet Accessories,"Markwik  high neck pillar taps h &c""",MCR09,"S8265AA - Markwik  High Neck Pillar Taps H & C""",,Stainless Steel,
Plumbing Fixtures,ASH_ArmitageShanks_Sinks_Stewart,"S6006 - Stewart Inset Sink, Single Bowl - Right Hand Drainer",ASH_ArmitageShanks_Sinks_Stewart [5808231],C1030200,Bath & Toilet Accessories,"Stewart inset sink, single bowl, right hand drainer",MCR09,"S6006 - Stewart Inset Sink, Single Bowl - Right Hand Drainer",,Stainless Steel,
Plumbing Fixtures,Sink_Service-Floor_Mount-Zurn-Z5420,Z5420,Sink_Service-Floor_Mount-Zurn-Z5420 [7624943],D2010310,Lavatories - Single,"Floor-Mounted, Siphon Jet Vitreous China Service Sink",MCR09,Z5420,,Water Closet - Ceramic,
Plumbing Fixtures,Deck Mounted Sensor Tap,Line-sensor Technology Sensor Faucet,Deck Mounted Sensor Tap [9920489], ,,"Sensor Tap, Deck Mounted",MCR09,Line-sensor Technology Sensor Faucet,,BRASS WITH CHROME FINISHING,
Plumbing Fixtures,Rigel-Flush Valve-W3-R-AFS202CLTV1,TEF75LSV3_E.BOX ON,Rigel-Flush Valve-W3-R-AFS202CLTV1 [7904706],,,URINAL SENSE FLUSH VALVE -CONCEALED BOX,MCR09,TEF75LSV3_E.BOX ON,,Stainless Steel,
Plumbing Fixtures,HAND DRYER,HANDDRYER,HAND DRYER [8818765],,,WALL MOUNTED HIGH SPEED HAND DRYER,MCR09,HANDDRYER,,ABS CASING,
Plumbing Fixtures,grab Bar-LG4545-Vertical,TOTO-Grab Bar-LG4545-Vertical,grab Bar-LG4545-Vertical [8203594],,,STRAIGHT GRAB BAR,MCR09,TOTO-Grab Bar-LG4545-Vertical,,Stainless Steel,
Plumbing Fixtures,TP_Holder_Jumbo_Double_7195,TP_Holder_Jumbo_Double_7195,TP_Holder_Jumbo_Double_7195 [8462935],,,"SURFACE MOUNTED 9 TWIN ROLL DOUBLE PAPER HOLDER""",MCR09,TP_Holder_Jumbo_Double_7195,,ABS CASING,
Plumbing Fixtures,TP_Holder_Jumbo_Double_7195,TP_Holder_Jumbo_Double_7195,TP_Holder_Jumbo_Double_7195 [8462936],,,"SURFACE MOUNTED 9 TWIN ROLL DOUBLE PAPER HOLDER""",MCR09,TP_Holder_Jumbo_Double_7195,,ABS CASING,
Plumbing Fixtures,Soap_Dispenser_11246,Soap_Dispenser_11246,Soap_Dispenser_11246 [9188561],,,MANUAL SOAP DISPENSER,MCR09,Soap_Dispenser_11246,,ABS CASING,
Plumbing Fixtures,Soap_Dispenser_11246,Soap_Dispenser_11246,Soap_Dispenser_11246 [10330581],,,MANUAL SOAP DISPENSER,MCR09,Soap_Dispenser_11246,,ABS CASING,
Plumbing Fixtures,EXPOSED MOUNT WASTE RECEPTACLE,BOBRICK B-43944 SEMI-RECESSED TOWEL DISP & WASTE RECEPT,EXPOSED MOUNT WASTE RECEPTACLE [8750736],,,WALL MOUNTED WASTE RECEPTACLE,MCR09,BOBRICK B-43944 SEMI-RECESSED TOWEL DISP & WASTE RECEPT,,Stainless Steel,
Plumbing Fixtures,Sanitary_Taps-Mixers_Gessi_54110,Default,Sanitary_Taps-Mixers_Gessi_54110 [8874442],,,WALL MOUNTED BIB TAP WITH LONG SWIVEL SPOUT,MCR09,Default,,BRASS WITH CHROME FINISHING,
Specialty Equipment,,,Roof_Ladder-with_Cage_6650 [1477856],,,,,,,,
Specialty Equipment,,,Roof_Ladder-with_Cage_2849 [1479141],,,,,,,,
Specialty Equipment,,,Roof_Ladder-with_Cage_2849 [1480113],,,,,,,,
Specialty Equipment,,,Roof_Ladder-with_Cage_2849 [9823548],,,,,,,,
Specialty Equipment,Gate-Pedestrian-Alvarado-MSGX,FENCING DOOR,Gate-Pedestrian-Alvarado-MSGX [1965008],E1010110,Security Equipment,MSG Full Height Pedestrian Security Gate,FENCING DOOR,FENCING DOOR,,,
Specialty Equipment,,,Roof_Ladder-with_Cage_Hydrant Tank @ 2400 [1983218],,,,,,,,
Specialty Equipment,,,Refridgerator [2801517],,,,,,,,
Specialty Equipment,,,Catladder 1 [3947853],,,,,,,,
Specialty Equipment,,,Catladder @ Wall [5803139],,,,,,,,
Specialty Equipment,,,Bolt assembly [7246557],,,,,,,,
Specialty Equipment,,,FAA_MCB_Roof_Ladder-with_Cage [7504160],,,,,,,,
Specialty Equipment,Anemometer,Anemometer,Anemometer [7631238],E1090900,Other Equipment,WIND ANEMOMETER,MCR14,Anemometer,,,
Specialty Equipment,,,WINDSOCK_21706 [7846950],,,,,,,,
Specialty Equipment,,,WINDSOCK_21706 [7851603],,,,,,,,
Specialty Equipment,Bicycle Parking,Bicycle Parking,Bicycle Parking [8589112],E1030900,Other Vehicular Equipment,Double Loop Bick Rack,MCR14,Bicycle Parking,,,
Casework,PC Vent186,PC Vent,PC Vent186 [1949776],,,PC VENT BLOCK,MCR01,PC Vent,,<By Category>,
Casework,PC Vent187,PC Vent,PC Vent187 [1949793],E2010200,Fixed Casework,PC VENT BLOCK,MCR01,PC Vent,,<By Category>,
Casework,PC Vent197,PC Vent,PC Vent197 [1949963],,,PC VENT BLOCK,MCR01,PC Vent,,<By Category>,
Casework,PC Vent198,PC Vent,PC Vent198 [1949980],,,PC VENT BLOCK,MCR01,PC Vent,,<By Category>,
Casework,PC Vent199,PC Vent,PC Vent199 [1949997],,,PC VENT BLOCK,MCR01,PC Vent,,<By Category>,
Casework,PC Vent200,PC Vent,PC Vent200 [1950014],,,PC VENT BLOCK,MCR01,PC Vent,,<By Category>,
Casework,PC Vent201,PC Vent,PC Vent201 [1950031],,,PC VENT BLOCK,MCR01,PC Vent,,<By Category>,
Casework,PC Vent202,PC Vent,PC Vent202 [1950048],,,PC VENT BLOCK,MCR01,PC Vent,,<By Category>,
Casework,PC Vent203,PC Vent,PC Vent203 [1950065],,,PC VENT BLOCK,MCR01,PC Vent,,<By Category>,
Casework,PC Vent204,PC Vent,PC Vent204 [1950082],,,PC VENT BLOCK,MCR01,PC Vent,,<By Category>,
Casework,PC Vent209,PC Vent,PC Vent209 [1950168],,,PC VENT BLOCK,MCR01,PC Vent,,<By Category>,
Casework,PC Vent210,PC Vent,PC Vent210 [1950185],,,PC VENT BLOCK,MCR01,PC Vent,,<By Category>,
Casework,PC Vent211,PC Vent,PC Vent211 [1950202],E2010200,Fixed Casework,PC VENT BLOCK,MCR01,PC Vent,,<By Category>,
Casework,PC Vent212,PC Vent,PC Vent212 [1950219],,,PC VENT BLOCK,MCR01,PC Vent,,<By Category>,
Casework,PC Vent225,PC Vent,PC Vent225 [1950440],,,PC VENT BLOCK,MCR01,PC Vent,,<By Category>,
Casework,PC Vent226,PC Vent,PC Vent226 [1950457],,,PC VENT BLOCK,MCR01,PC Vent,,<By Category>,
Casework,PC Vent227,PC Vent,PC Vent227 [1950474],,,PC VENT BLOCK,MCR01,PC Vent,,<By Category>,
Casework,PC Vent228,PC Vent,PC Vent228 [1950491],,,PC VENT BLOCK,MCR01,PC Vent,,<By Category>,
Casework,PC Vent325,PC Vent,PC Vent325 [2615350],,,PC VENT BLOCK,MCR01,PC Vent,,<By Category>,
Casework,PC Vent326,PC Vent,PC Vent326 [2615367],,,PC VENT BLOCK,MCR01,PC Vent,,<By Category>,
Casework,PC Vent327,PC Vent,PC Vent327 [2615384],,,PC VENT BLOCK,MCR01,PC Vent,,<By Category>,
Casework,PC Vent328,PC Vent,PC Vent328 [2615401],,,PC VENT BLOCK,MCR01,PC Vent,,<By Category>,
Casework,PC Vent329,PC Vent,PC Vent329 [2615418],,,PC VENT BLOCK,MCR01,PC Vent,,<By Category>,
Casework,PC Vent337,PC Vent,PC Vent337 [2615554],,,PC VENT BLOCK,MCR01,PC Vent,,<By Category>,
Casework,PC Vent338,PC Vent,PC Vent338 [2615571],,,PC VENT BLOCK,MCR01,PC Vent,,<By Category>,
Casework,PC Vent339,PC Vent,PC Vent339 [2615588],,,PC VENT BLOCK,MCR01,PC Vent,,<By Category>,
Casework,PC Vent340,PC Vent,PC Vent340 [2615605],,,PC VENT BLOCK,MCR01,PC Vent,,<By Category>,
Casework,PC Vent341,PC Vent,PC Vent341 [2615622],,,PC VENT BLOCK,MCR01,PC Vent,,<By Category>,
Casework,PC Vent342,PC Vent,PC Vent342 [2615639],,,PC VENT BLOCK,MCR01,PC Vent,,<By Category>,
Casework,PC Vent343,PC Vent,PC Vent343 [2615656],,,PC VENT BLOCK,MCR01,PC Vent,,<By Category>,
Casework,PC Vent416,PC Vent,PC Vent416 [2617479],,,PC VENT BLOCK,MCR01,PC Vent,,<By Category>,
Casework,PC Vent417,PC Vent,PC Vent417 [2617496],,,PC VENT BLOCK,MCR01,PC Vent,,<By Category>,
Casework,PC Vent418,PC Vent,PC Vent418 [2617513],,,PC VENT BLOCK,MCR01,PC Vent,,<By Category>,
Casework,PC Vent419,PC Vent,PC Vent419 [2617530],,,PC VENT BLOCK,MCR01,PC Vent,,<By Category>,
Casework,PC Vent420,PC Vent,PC Vent420 [2617547],,,PC VENT BLOCK,MCR01,PC Vent,,<By Category>,
Casework,PC Vent444,PC Vent,PC Vent444 [2621767],,,PC VENT BLOCK,MCR01,PC Vent,,<By Category>,
Casework,Countertop_Straight_with_Sink,600 mm Depth,Sink Kitchen-Double [2801519],D2010410,Sinks - Kitchen,INSERT TYPE DOUBLE BOWL SINK,MCR09,"42 x 21""""",,Stainless Steel - Alvarado - 304 - Satin,
Casework,Countertop_Straight_with_Sink,600 mm Depth,Countertop_Straight_with_Sink [2801518],C1030400,Fabricated Cabinets & Counters,COUNTER TOP WORKMAN RESTROOM,MCR01,600 mm Depth,,Steel,
Casework,PC Vent61,PC Vent,PC Vent61 [3130881],,,PC VENT BLOCK,MCR01,PC Vent,,<By Category>,
Casework,PC Vent62,PC Vent,PC Vent62 [3130898],,,PC VENT BLOCK,MCR01,PC Vent,,<By Category>,
Casework,PC Vent63,PC Vent,PC Vent63 [3130915],,,PC VENT BLOCK,MCR01,PC Vent,,<By Category>,
Casework,PC Vent64,PC Vent,PC Vent64 [3130932],,,PC VENT BLOCK,MCR01,PC Vent,,<By Category>,
Casework,PC Vent65,PC Vent,PC Vent65 [3130949],,,PC VENT BLOCK,MCR01,PC Vent,,<By Category>,
Casework,PC Vent66,PC Vent,PC Vent66 [3130966],,,PC VENT BLOCK,MCR01,PC Vent,,<By Category>,
Casework,PC Vent67,PC Vent,PC Vent67 [3130983],E2010200,Fixed Casework,PC VENT BLOCK,MCR01,PC Vent,,<By Category>,
Casework,PC Vent68,PC Vent,PC Vent68 [3131000],,,PC VENT BLOCK,MCR01,PC Vent,,<By Category>,
Casework,PC Vent69,PC Vent,PC Vent69 [3131017],,,PC VENT BLOCK,MCR01,PC Vent,,<By Category>,
Casework,PC Vent70,PC Vent,PC Vent70 [3131034],,,PC VENT BLOCK,MCR01,PC Vent,,<By Category>,
Casework,PC Vent71,PC Vent,PC Vent71 [3131051],,,PC VENT BLOCK,MCR01,PC Vent,,<By Category>,
Casework,PC Vent72,PC Vent,PC Vent72 [3131068],,,PC VENT BLOCK,MCR01,PC Vent,,<By Category>,
Casework,PC Vent73,PC Vent,PC Vent73 [3131085],,,PC VENT BLOCK,MCR01,PC Vent,,<By Category>,
Casework,PC Vent74,PC Vent,PC Vent74 [3131102],,,PC VENT BLOCK,MCR01,PC Vent,,<By Category>,
Casework,PC Vent75,PC Vent,PC Vent75 [3131119],,,PC VENT BLOCK,MCR01,PC Vent,,<By Category>,
Casework,PC Vent76,PC Vent,PC Vent76 [3131136],,,PC VENT BLOCK,MCR01,PC Vent,,<By Category>,
Casework,PC Vent77,PC Vent,PC Vent77 [3131153],,,PC VENT BLOCK,MCR01,PC Vent,,<By Category>,
Casework,PC Vent78,PC Vent,PC Vent78 [3131170],,,PC VENT BLOCK,MCR01,PC Vent,,<By Category>,
Casework,PC Vent79,PC Vent,PC Vent79 [3131187],,,PC VENT BLOCK,MCR01,PC Vent,,<By Category>,
Casework,PC Vent80,PC Vent,PC Vent80 [3131204],,,PC VENT BLOCK,MCR01,PC Vent,,<By Category>,
Casework,PC Vent81,PC Vent,PC Vent81 [3131221],,,PC VENT BLOCK,MCR01,PC Vent,,<By Category>,
Casework,PC Vent82,PC Vent,PC Vent82 [3131238],,,PC VENT BLOCK,MCR01,PC Vent,,<By Category>,
Casework,PC Vent83,PC Vent,PC Vent83 [3131255],,,PC VENT BLOCK,MCR01,PC Vent,,<By Category>,
Casework,PC Vent84,PC Vent,PC Vent84 [3131272],,,PC VENT BLOCK,MCR01,PC Vent,,<By Category>,
Casework,PC Vent85,PC Vent,PC Vent85 [3309429],,,PC VENT BLOCK,MCR01,PC Vent,,<By Category>,
Casework,PC Vent86,PC Vent,PC Vent86 [3309446],,,PC VENT BLOCK,MCR01,PC Vent,,<By Category>,
Casework,PC Vent87,PC Vent,PC Vent87 [3309463],,,PC VENT BLOCK,MCR01,PC Vent,,<By Category>,
Casework,PC Vent88,PC Vent,PC Vent88 [3309480],,,PC VENT BLOCK,MCR01,PC Vent,,<By Category>,
Casework,PC Vent89,PC Vent,PC Vent89 [3309497],,,PC VENT BLOCK,MCR01,PC Vent,,<By Category>,
Casework,PC Vent90,PC Vent,PC Vent90 [3309514],,,PC VENT BLOCK,MCR01,PC Vent,,<By Category>,
Casework,PC Vent91,PC Vent,PC Vent91 [3309531],E2010200,Fixed Casework,PC VENT BLOCK,MCR01,PC Vent,,<By Category>,
Casework,PC Vent92,PC Vent,PC Vent92 [3309548],,,PC VENT BLOCK,MCR01,PC Vent,,<By Category>,
Casework,PC Vent93,PC Vent,PC Vent93 [3309565],,,PC VENT BLOCK,MCR01,PC Vent,,<By Category>,
Casework,PC Vent94,PC Vent,PC Vent94 [3309582],,,PC VENT BLOCK,MCR01,PC Vent,,<By Category>,
Casework,PC Vent95,PC Vent,PC Vent95 [3309599],,,PC VENT BLOCK,MCR01,PC Vent,,<By Category>,
Casework,PC Vent96,PC Vent,PC Vent96 [3309616],,,PC VENT BLOCK,MCR01,PC Vent,,<By Category>,
Casework,PC Vent97,PC Vent,PC Vent97 [3309633],,,PC VENT BLOCK,MCR01,PC Vent,,<By Category>,
Casework,PC Vent98,PC Vent,PC Vent98 [3309650],,,PC VENT BLOCK,MCR01,PC Vent,,<By Category>,
Casework,PC Vent99,PC Vent,PC Vent99 [3309667],,,PC VENT BLOCK,MCR01,PC Vent,,<By Category>,
Casework,PC Vent100,PC Vent,PC Vent100 [3309684],,,PC VENT BLOCK,MCR01,PC Vent,,<By Category>,
Casework,PC Vent101,PC Vent,PC Vent101 [3309701],,,PC VENT BLOCK,MCR01,PC Vent,,<By Category>,
Casework,PC Vent102,PC Vent,PC Vent102 [3309718],,,PC VENT BLOCK,MCR01,PC Vent,,<By Category>,
Casework,PC Vent103,PC Vent,PC Vent103 [3309735],,,PC VENT BLOCK,MCR01,PC Vent,,<By Category>,
Casework,PC Vent104,PC Vent,PC Vent104 [3309752],,,PC VENT BLOCK,MCR01,PC Vent,,<By Category>,
Casework,PC Vent105,PC Vent,PC Vent105 [3309769],,,PC VENT BLOCK,MCR01,PC Vent,,<By Category>,
Casework,PC Vent106,PC Vent,PC Vent106 [3309786],,,PC VENT BLOCK,MCR01,PC Vent,,<By Category>,
Casework,PC Vent107,PC Vent,PC Vent107 [3309803],,,PC VENT BLOCK,MCR01,PC Vent,,<By Category>,
Casework,PC Vent108,PC Vent,PC Vent108 [3309820],,,PC VENT BLOCK,MCR01,PC Vent,,<By Category>,
Casework,PC Vent109,PC Vent,PC Vent109 [3309855],,,PC VENT BLOCK,MCR01,PC Vent,,<By Category>,
Casework,PC Vent110,PC Vent,PC Vent110 [3309872],,,PC VENT BLOCK,MCR01,PC Vent,,<By Category>,
Casework,PC Vent111,PC Vent,PC Vent111 [3309889],,,PC VENT BLOCK,MCR01,PC Vent,,<By Category>,
Casework,PC Vent112,PC Vent,PC Vent112 [3309906],,,PC VENT BLOCK,MCR01,PC Vent,,<By Category>,
Casework,PC Vent113,PC Vent,PC Vent113 [3309923],,,PC VENT BLOCK,MCR01,PC Vent,,<By Category>,
Casework,PC Vent114,PC Vent,PC Vent114 [3309940],,,PC VENT BLOCK,MCR01,PC Vent,,<By Category>,
Casework,PC Vent115,PC Vent,PC Vent115 [3309957],E2010200,Fixed Casework,PC VENT BLOCK,MCR01,PC Vent,,<By Category>,
Casework,PC Vent116,PC Vent,PC Vent116 [3309974],,,PC VENT BLOCK,MCR01,PC Vent,,<By Category>,
Casework,PC Vent117,PC Vent,PC Vent117 [3309991],,,PC VENT BLOCK,MCR01,PC Vent,,<By Category>,
Casework,PC Vent118,PC Vent,PC Vent118 [3310008],,,PC VENT BLOCK,MCR01,PC Vent,,<By Category>,
Casework,PC Vent119,PC Vent,PC Vent119 [3310025],,,PC VENT BLOCK,MCR01,PC Vent,,<By Category>,
Casework,PC Vent120,PC Vent,PC Vent120 [3310042],,,PC VENT BLOCK,MCR01,PC Vent,,<By Category>,
Casework,PC Vent121,PC Vent,PC Vent121 [3310059],,,PC VENT BLOCK,MCR01,PC Vent,,<By Category>,
Casework,PC Vent122,PC Vent,PC Vent122 [3310076],,,PC VENT BLOCK,MCR01,PC Vent,,<By Category>,
Casework,PC Vent131,PC Vent,PC Vent131 [3310229],,,PC VENT BLOCK,MCR01,PC Vent,,<By Category>,
Casework,PC Vent132,PC Vent,PC Vent132 [3310246],,,PC VENT BLOCK,MCR01,PC Vent,,<By Category>,
Casework,Vanity Top 2,Vanity Top 1,Vanity Top 2 [5540449],,,MALE TOILET COUNTER TOP,MCR01,Vanity Top 1,,<By Category>,
Casework,PC Vent133,PC Vent,PC Vent133 [5846220],,,PC VENT BLOCK,MCR01,PC Vent,,<By Category>,
Casework,PC Vent134,PC Vent,PC Vent134 [5846237],,,PC VENT BLOCK,MCR01,PC Vent,,<By Category>,
Casework,PC Vent135,PC Vent,PC Vent135 [5846254],,,PC VENT BLOCK,MCR01,PC Vent,,<By Category>,
Casework,PC Vent137,PC Vent,PC Vent137 [5846288],,,PC VENT BLOCK,MCR01,PC Vent,,<By Category>,
Casework,PC Vent138,PC Vent,PC Vent138 [5846305],,,PC VENT BLOCK,MCR01,PC Vent,,<By Category>,
Casework,PC Vent167,PC Vent,PC Vent167 [5847350],,,PC VENT BLOCK,MCR01,PC Vent,,<By Category>,
Casework,PC Vent168,PC Vent,PC Vent168 [5847367],,,PC VENT BLOCK,MCR01,PC Vent,,<By Category>,
Casework,PC Vent169,PC Vent,PC Vent169 [5847384],,,PC VENT BLOCK,MCR01,PC Vent,,<By Category>,
Casework,PC Vent170,PC Vent,PC Vent170 [5847401],,,PC VENT BLOCK,MCR01,PC Vent,,<By Category>,
Casework,Urinal Cover1,Urinal Cover,Urinal Cover1 [7575194],C1030400,Fabricated Cabinets & Counters,URINAL MAINTENANCE LEDGE TOP COVER,MCR01,Urinal Cover,,<By Category>,
Casework,Vanity Top 1,Vanity Top 1,Vanity Top 1 [7806635],,,MALE TOILET COUNTER TOP,MCR01,Vanity Top 1,,<By Category>,
Casework,Furniture 1,Furniture 1,Furniture 1 [8560101],,,MALE TOILET COUNTER TOP SIDE PANEL,MCR01,Furniture 1,,<By Category>,
Casework,Mirror Box Up7,Mirror Box Up,Mirror Box Up7 [8565695],,,MALE TOILET MIRROR,MCR01,Mirror Box Up,,<By Category>,
Casework,Mirror Glass7,Mirror Glass,Mirror Glass7 [8565707],,,MALE TOILET MIRROR,MCR01,Mirror Glass,,<By Category>,
Casework,Mirror Box Up14,Mirror Box Up,Mirror Box Up14 [8566760],,,MALE TOILET MIRROR,MCR01,Mirror Box Up,,<By Category>,
Casework,Mirror Glass14,Mirror Glass,Mirror Glass14 [8566772],,,MALE TOILET MIRROR,MCR01,Mirror Glass,,<By Category>,
Casework,Mirror Box Up1,Mirror Box Up,Mirror Box Up1 [8827960],,,TOILET MIRROR,MCR01,Mirror Box Up,,<By Category>,
Casework,Mirror Glass1,Mirror Glass,Mirror Glass1 [8827972],,,MALE TOILET MIRROR,MCR01,Mirror Glass,,<By Category>,
Casework,Mirror Box Up2,Mirror Box Up,Mirror Box Up2 [8829301],,,TOILET MIRROR,MCR01,Mirror Box Up,,<By Category>,
Casework,Mirror Glass2,Mirror Glass,Mirror Glass2 [8829309],,,TOILET MIRROR,MCR01,Mirror Glass,,<By Category>,
Casework,Mirror Box Up3,Mirror Box Up,Mirror Box Up3 [8829431],,,TOILET MIRROR,MCR01,Mirror Box Up,,<By Category>,
Casework,Mirror Glass3,Mirror Glass,Mirror Glass3 [8829439],,,TOILET MIRROR,MCR01,Mirror Glass,,<By Category>,
Casework,Mirror Box Up4,Mirror Box Up,Mirror Box Up4 [8829601],,,TOILET MIRROR,MCR01,Mirror Box Up,,<By Category>,
Casework,Mirror Glass4,Mirror Glass,Mirror Glass4 [8829609],,,TOILET MIRROR,MCR01,Mirror Glass,,<By Category>,
Casework,Mirror Box Up5,Mirror Box Up,Mirror Box Up5 [8829656],,,TOILET MIRROR,MCR01,Mirror Box Up,,<By Category>,
Casework,Mirror Glass5,Mirror Glass,Mirror Glass5 [8829664],,,TOILET MIRROR,MCR01,Mirror Glass,,<By Category>,
Casework,Mirror Box Up6,Mirror Box Up,Mirror Box Up6 [8867950],,,TOILET MIRROR,MCR01,Mirror Box Up,,<By Category>,
Casework,Walls 1,Walls 1,Walls 1 [9721897],,,WALL CAPPING,MCR01,Walls 1,,<By Category>,
Casework,workman rest room cabinetrfa,workman rest room cabinetrfa,workman rest room cabinetrfa [10046003],,,CABINET,MCR01,workman rest room cabinetrfa,,<By Category>,
Casework,pantry cabinet,pantry cabinet,pantry cabinet [10201705],,,CABINET W/ SOLID SURFACE COUNTER TOP,MCR01,pantry cabinet,,<By Category>,
Casework,table,table,table [10208211],,,SOLID SURFACE COUNTER TOP,MCR01,table,,<By Category>,
Casework,Furniture 3,Furniture 3,Furniture 3 [10209723],,,30MM THK TIMBER SUPPORT,MCR01,Furniture 3,,<By Category>,
Casework,Mirror Box Up8,Mirror Box Up,Mirror Box Up8 [10412583],,,TOILET MIRROR,MCR01,Mirror Box Up,,<By Category>,
Casework,Mirror Glass6,Mirror Glass,Mirror Glass6 [10412591],,,TOILET MIRROR,MCR01,Mirror Glass,,<By Category>,
Casework,Mirror Glass8,Mirror Glass,Mirror Glass8 [10424502],,,TOILET MIRROR,MCR01,Mirror Glass,,<By Category>,
Lighting Fixtures,,,AUS_Arup_Recessed_Rectangular [3927190],,,,,,,,
Lighting Fixtures,,,AUS_Arup_Recessed_Rectangular [3927191],,,,,,,,
Lighting Fixtures,,,AUS_Arup_Recessed_Rectangular [3927201],,,,,,,,
Lighting Fixtures,,,AUS_Arup_Recessed_Rectangular [3927202],,,,,,,,
Lighting Fixtures,,,AUS_Arup_Recessed_Rectangular [3927203],,,,,,,,
Lighting Fixtures,,,AUS_Arup_Recessed_Rectangular [3927204],,,,,,,,
Lighting Fixtures,,,AUS_Arup_Recessed_Rectangular [3927212],,,,,,,,
Lighting Fixtures,,,AUS_Arup_Recessed_Rectangular [3927218],,,,,,,,
Lighting Fixtures,,,AUS_Arup_Recessed_Rectangular [3927639],,,,,,,,
Lighting Fixtures,,,AUS_Arup_Recessed_Rectangular [3927670],,,,,,,,
Lighting Fixtures,,,AUS_Arup_Recessed_Rectangular [3929304],,,,,,,,
Lighting Fixtures,,,AUS_Arup_Recessed_Rectangular [3988638],,,,,,,,
Lighting Fixtures,,,AUS_Arup_Recessed_Rectangular [3988639],,,,,,,,
Lighting Fixtures,,,AUS_Arup_Recessed_Rectangular [3988640],,,,,,,,
Lighting Fixtures,,,AUS_Arup_Recessed_Rectangular [3988641],,,,,,,,
Lighting Fixtures,,,AUS_Arup_Recessed_Rectangular [3988642],,,,,,,,
Lighting Fixtures,,,AUS_Arup_Recessed_Rectangular [3988643],,,,,,,,
Lighting Fixtures,,,AUS_Arup_Recessed_Rectangular [3988644],,,,,,,,
Lighting Fixtures,,,AUS_Arup_Recessed_Rectangular [3988645],,,,,,,,
Lighting Fixtures,,,AUS_Arup_Recessed_Rectangular [3988646],,,,,,,,
Lighting Fixtures,,,AUS_Arup_Recessed_Rectangular [3988647],,,,,,,,
Lighting Fixtures,,,AUS_Arup_Recessed_Rectangular [3988648],,,,,,,,
Lighting Fixtures,,,AUS_Arup_Recessed_Rectangular [3988649],,,,,,,,
Lighting Fixtures,,,AUS_Arup_Recessed_Rectangular [3988731],,,,,,,,
Lighting Fixtures,,,AUS_Arup_Recessed_Rectangular [3991595],,,,,,,,
Lighting Fixtures,,,AUS_Arup_Recessed_Rectangular [3991596],,,,,,,,
Lighting Fixtures,,,AUS_Arup_Recessed_Rectangular [3991597],,,,,,,,
Lighting Fixtures,,,AUS_Arup_Recessed_Rectangular [3991608],,,,,,,,
Lighting Fixtures,,,AUS_Arup_Recessed_Rectangular [4110945],,,,,,,,
Lighting Fixtures,,,UFO [4022420],,,,,,,,
Lighting Fixtures,,,UFO [4042431],,,,,,,,
Lighting Fixtures,,,UFO [4042488],,,,,,,,
Lighting Fixtures,,,UFO [4042545],,,,,,,,
Lighting Fixtures,,,UFO [4047600],,,,,,,,
Lighting Fixtures,,,UFO [4047664],,,,,,,,
Lighting Fixtures,,,UFO [4048199],,,,,,,,
Lighting Fixtures,,,UFO [4048348],,,,,,,,
Lighting Fixtures,,,UFO [4048406],,,,,,,,
Lighting Fixtures,,,UFO [4048617],,,,,,,,
Lighting Fixtures,,,UFO [4069966],,,,,,,,
Lighting Fixtures,,,UFO [4069967],,,,,,,,
Lighting Fixtures,,,UFO [4069968],,,,,,,,
Lighting Fixtures,,,UFO [4069969],,,,,,,,
Lighting Fixtures,,,UFO [4069970],,,,,,,,
Lighting Fixtures,,,UFO [4088517],,,,,,,,
Lighting Fixtures,,,UFO [4088550],,,,,,,,
Lighting Fixtures,,,UFO [4088583],,,,,,,,
Lighting Fixtures,,,UFO [4088617],,,,,,,,
Lighting Fixtures,,,UFO [4088651],,,,,,,,
Lighting Fixtures,,,UFO [4088684],,,,,,,,
Lighting Fixtures,,,UFO [4088717],,,,,,,,
Lighting Fixtures,,,DownLight Toilet [4069979],,,,,,,,
Lighting Fixtures,,,DownLight Toilet [4072112],,,,,,,,
Lighting Fixtures,,,DownLight Toilet [4072113],,,,,,,,
Lighting Fixtures,,,DownLight Toilet [4072114],,,,,,,,
Lighting Fixtures,,,DownLight Toilet [4084970],,,,,,,,
Lighting Fixtures,,,DownLight Toilet [4084971],,,,,,,,
Lighting Fixtures,,,DownLight Toilet [4084972],,,,,,,,
Lighting Fixtures,,,DownLight Toilet [4084973],,,,,,,,
Lighting Fixtures,,,DownLight Toilet [4084974],,,,,,,,
Lighting Fixtures,,,DownLight Toilet [4084975],,,,,,,,
Lighting Fixtures,,,DownLight Toilet [4084976],,,,,,,,
Lighting Fixtures,,,DownLight Toilet [4084977],,,,,,,,
Lighting Fixtures,,,DownLight Toilet [4084978],,,,,,,,
Lighting Fixtures,,,DownLight Toilet [4084979],,,,,,,,
Lighting Fixtures,,,DownLight Toilet [4084980],,,,,,,,
Lighting Fixtures,,,DownLight Toilet [4084981],,,,,,,,
Lighting Fixtures,,,DownLight Toilet [4084982],,,,,,,,
Lighting Fixtures,,,DownLight Toilet [4084983],,,,,,,,
Lighting Fixtures,,,DownLight Toilet [4084984],,,,,,,,
Lighting Fixtures,,,DownLight Toilet [4084985],,,,,,,,
Lighting Fixtures,,,DownLight Toilet [4084986],,,,,,,,
Lighting Fixtures,,,DownLight Toilet [4084987],,,,,,,,
Lighting Fixtures,,,DownLight Toilet [4084988],,,,,,,,
Lighting Fixtures,,,DownLight Toilet [4084989],,,,,,,,
Lighting Fixtures,,,DownLight Toilet [4084990],,,,,,,,
Lighting Fixtures,,,DownLight Toilet [4084991],,,,,,,,
Lighting Fixtures,,,DownLight Toilet [4084992],,,,,,,,
Lighting Fixtures,,,DownLight Toilet [4084993],,,,,,,,
Lighting Fixtures,,,DownLight Toilet [4084994],,,,,,,,
Lighting Fixtures,,,DownLight Toilet [4084995],,,,,,,,
Lighting Fixtures,,,DownLight Toilet [4084996],,,,,,,,
Lighting Fixtures,L01 - 1200mm LED Luminaire With Integrated LED Driver,Arup_Luminaire LED_Suspended_Rect Profile_SG [4108905],Arup_MaintenanceZone_Rectangular [4108906],,,NA,MCR07,Default,,<By Category>,
Lighting Fixtures,L01 - 1200mm LED Luminaire With Integrated LED Driver,Arup_Luminaire LED_Suspended_Rect Profile_SG [4108962],Arup_MaintenanceZone_Rectangular [4108963],,,NA,MCR07,Default,,<By Category>,
Lighting Fixtures,L01 - 1200mm LED Luminaire With Integrated LED Driver,Arup_Luminaire LED_Suspended_Rect Profile_SG [4109015],Arup_MaintenanceZone_Rectangular [4109016],,,NA,MCR07,Default,,<By Category>,
Lighting Fixtures,L01 - 1200mm LED Luminaire With Integrated LED Driver,Arup_Luminaire LED_Suspended_Rect Profile_SG [4109060],Arup_MaintenanceZone_Rectangular [4109061],,,NA,MCR07,Default,,<By Category>,
Lighting Fixtures,,,UFO1 [7840265],,,,,,,,
Lighting Fixtures,,,UFO1 [7991572],,,,,,,,
Lighting Fixtures,,,UFO1 [7991831],,,,,,,,
Lighting Fixtures,,,UFO1 [9440736],,,,,,,,
Lighting Fixtures,Exit Light WT Arrow black color,Wall/Surface,Exit Light WT Arrow black color [8142159],D5020200,Lighting Equipment,Exit Illumination Sign,,Wall/Surface,,,
Lighting Fixtures,Exit Light WT Arrow black color,Wall/Surface,Exit Light WT Arrow black color [8142161],D5020200,Lighting Equipment,Exit Illumination Sign,,Wall/Surface,,,
Lighting Fixtures,Exit Light WT BI Direction,Wall/Surface,Exit Light WT BI Direction [8142160],D5020200,Lighting Equipment,Exit Illumination Sign,,Wall/Surface,,,
Lighting Fixtures,MOTION DETECTOR,Motion Sensor Switches,MOTION DETECTOR [8153049],,,,,Motion Sensor Switches,,,
Lighting Fixtures,MOTION DETECTOR1,Motion Sensor Switches 2,MOTION DETECTOR1 [8158705],,,,,Motion Sensor Switches 2,,,
Lighting Fixtures,MOTION DETECTOR1,Motion Sensor Switches,MOTION DETECTOR1 [8160808],,,,,Motion Sensor Switches,,,
Lighting Fixtures,MOTION DETECTOR1,Motion Sensor Switches,MOTION DETECTOR1 [8161868],,,,,Motion Sensor Switches,,,
Mechanical Equipment,Arup_Direct Expansion Indoor_Cassette_Cooling_SG1,FXFQ50AVM 2,Arup_Direct Expansion Indoor_Cassette_Cooling_SG1 [3972685],,,Direct Expansion Indoor Cooling Cassette,,FXFQ50AVM 2,,<By Category>,
Mechanical Equipment,Arup_Direct Expansion Indoor_Cassette_Cooling_SG1,FXFQ50AVM 2,Arup_Direct Expansion Indoor_Cassette_Cooling_SG1 [3988592],,,Direct Expansion Indoor Cooling Cassette,,FXFQ50AVM 2,,<By Category>,
Mechanical Equipment,Arup_Direct Expansion Indoor_Cassette_Cooling_SG1,FXFQ50AVM 2,Arup_Direct Expansion Indoor_Cassette_Cooling_SG1 [3991589],,,Direct Expansion Indoor Cooling Cassette,,FXFQ50AVM 2,,<By Category>,
Mechanical Equipment,Arup_Direct Expansion Indoor_Cassette_Cooling_SG1,FXFQ50AVM 2,Arup_Direct Expansion Indoor_Cassette_Cooling_SG1 [3991619],,,Direct Expansion Indoor Cooling Cassette,,FXFQ50AVM 2,,<By Category>,
Mechanical Equipment,Arup_Direct Expansion Indoor_Cassette_Cooling_SG1,FXFQ50AVM 2,Arup_Direct Expansion Indoor_Cassette_Cooling_SG1 [3991627],,,Direct Expansion Indoor Cooling Cassette,,FXFQ50AVM 2,,<By Category>,
Mechanical Equipment,Arup_Direct Expansion Indoor_Cassette_Cooling_SG1,PLFY-P32VEM-PA,Arup_MaintenanceZone_Rectangular [3991691],,,NA,MCR07,Default,,<By Category>,
Mechanical Equipment,Arup_Direct Expansion Indoor_Cassette_Cooling_SG1,PLFY-P32VEM-PA,Arup_MaintenanceZone_Rectangular [3991692],,,NA,MCR07,Default,,<By Category>,
Mechanical Equipment,Arup_Direct Expansion Indoor_Cassette_Cooling_SG1,PLFY-P32VEM-PA,Arup_MaintenanceZone_Rectangular [3991693],,,NA,MCR07,Default,,<By Category>,
Mechanical Equipment,Arup_Direct Expansion Indoor_Cassette_Cooling_SG1,PLFY-P32VEM-PA,Arup_MaintenanceZone_Rectangular [3991694],,,NA,MCR07,Default,,<By Category>,
Mechanical Equipment,Arup_Direct Expansion Indoor_Cassette_Cooling_SG1,PLFY-P32VEM-PA,Arup_MaintenanceZone_Rectangular [3991695],,,NA,MCR07,Default,,<By Category>,
Mechanical Equipment,Arup_Direct Expansion Indoor_Cassette_Cooling_SG1,PLFY-P32VEM-PA,Arup_Direct Expansion Indoor_Cassette_Cooling_SG1 [3991690],,,Direct Expansion Indoor Cooling Cassette,,PLFY-P32VEM-PA,,<By Category>,
Mechanical Equipment,Arup_Direct Expansion Indoor_Cassette_Cooling_SG1,FXFQ50AVM,Arup_MaintenanceZone_Rectangular [4024290],,,NA,MCR07,Default,,<By Category>,
Mechanical Equipment,Arup_Direct Expansion Indoor_Cassette_Cooling_SG1,FXFQ50AVM,Arup_MaintenanceZone_Rectangular [4024291],,,NA,MCR07,Default,,<By Category>,
Mechanical Equipment,Arup_Direct Expansion Indoor_Cassette_Cooling_SG1,FXFQ50AVM,Arup_MaintenanceZone_Rectangular [4024294],,,NA,MCR07,Default,,<By Category>,
Mechanical Equipment,Arup_Direct Expansion Indoor_Cassette_Cooling_SG1,FXFQ50AVM,Arup_Direct Expansion Indoor_Cassette_Cooling_SG1 [4024289],,,Direct Expansion Indoor Cooling Cassette,,FXFQ50AVM,,<By Category>,
Mechanical Equipment,Arup_Direct Expansion Indoor_Cassette_Cooling_SG1,FXFQ50AVM,Arup_MaintenanceZone_Rectangular [4024385],,,NA,MCR07,Default,,<By Category>,
Mechanical Equipment,Arup_Direct Expansion Indoor_Cassette_Cooling_SG1,FXFQ50AVM,Arup_MaintenanceZone_Rectangular [4024386],,,NA,MCR07,Default,,<By Category>,
Mechanical Equipment,Arup_Direct Expansion Indoor_Cassette_Cooling_SG1,FXFQ50AVM,Arup_Direct Expansion Indoor_Cassette_Cooling_SG1 [4024384],,,Direct Expansion Indoor Cooling Cassette,,FXFQ50AVM,,<By Category>,
Mechanical Equipment,Cassette Aircon,FXFQ50LUV1,Cassette Aircon [3988598],23-33 37 11,,PEU - Cassette Type,,FXFQ50LUV1,,<By Category>,
Mechanical Equipment,Cassette Aircon,FXFQ50LUV1,Cassette Aircon [3988614],23-33 37 11,,PEU - Cassette Type,,FXFQ50LUV1,,<By Category>,
Mechanical Equipment,Arup_Direct Expansion Indoor_Cassette_Cooling_SG2,FXFQ50AVM 3,Arup_Direct Expansion Indoor_Cassette_Cooling_SG2 [6718821],,,Direct Expansion Indoor Cooling Cassette,,FXFQ50AVM 3,,<By Category>,
Mechanical Equipment,M-ACESSPANEL,450x450,M-ACESSPANEL [9523316],,,Access Panel Size: 450x450,MCR07,450x450,,<By Category>,
Air Terminals,,,Arup_Air Terminals_Supply Diffuser_Ceiling Rect Face Non-Ducted_SG1 [4097632],,,,,,,,
Air Terminals,,,Arup_Air Terminals_Supply Diffuser_Ceiling Rect Face Non-Ducted_SG1 [4108095],,,,,,,,
Air Terminals,,,FIX_AC-Fresh air louver [7548104],,,,,,,,
Air Terminals,,,FIX_AC-Fresh air louver [7552189],,,,,,,,
Air Terminals,,,FIX_AC-Fresh air louver [7552276],,,,,,,,
Ducts,Rectangular Duct,Arup_Duct_GalvanisedSteel_Flanged_RadiusElbow_ShoeBranch,Rectangular Duct [5430571],,,,"Roughness values from CIBSE Guide C Table 4.1. Fittings from UKIMEA template, based on Autodesk OOTB Content - to be checked for DW144 Compliance",Arup_Duct_GalvanisedSteel_Flanged_RadiusElbow_ShoeBranch,,<By Category>,
Fire Alarm Devices,POC_Fire Alarm Visual Indicator,POC_Fire Alarm Visual Indicator,POC_Fire Alarm Visual Indicator [6730547],,,,,POC_Fire Alarm Visual Indicator,,,
Fire Alarm Devices,POC_Fire Alarm Visual Indicator,POC_Fire Alarm Visual Indicator,POC_Fire Alarm Visual Indicator [7089694],,,,,POC_Fire Alarm Visual Indicator,,,
Fire Alarm Devices,POC_Fire Alarm Visual Indicator,POC_Fire Alarm Visual Indicator,POC_Fire Alarm Visual Indicator [7089757],,,,,POC_Fire Alarm Visual Indicator,,,
Fire Alarm Devices,POC_Fire Alarm Visual Indicator1,POC_Fire Alarm Visual Indicator,POC_Fire Alarm Visual Indicator1 [8128038],,,,,POC_Fire Alarm Visual Indicator,,,
Fire Alarm Devices,POC_Fire Alarm Visual Indicator2,POC_Fire Alarm Visual Indicator 2,POC_Fire Alarm Visual Indicator2 [9942464],,,Strobe light,,POC_Fire Alarm Visual Indicator 2,,,
Pipe Accessories,POC_Floor Trap Cover,FT,POC_Floor Trap Cover [6734861],,,Floor Trap Cover,,FT,,,
Pipe Accessories,POC_Floor Trap Cover,FT,POC_Floor Trap Cover [7089563],,,Floor Trap Cover,,FT,,,
Structural Framing,PFC-300*100*46,PFC-300*100*46,PFC-300*100*46 [6973872],,,,,PFC-300*100*46,<By Category>,<By Category>,
Structural Framing,PFC-300*100*46,PFC-300*100*46,PFC-300*100*46 [7246555],,,,,PFC-300*100*46,<By Category>,<By Category>,
Structural Framing,UC152*152*23,UC152*152*23,UC152*152*23 [6972814],,,,,UC152*152*23,<By Category>,<By Category>,
Structural Framing,UC152*152*23,UC152*152*23,UC152*152*23 [6973843],,,,,UC152*152*23,<By Category>,<By Category>,
Structural Framing,UC152*152*23,UC152*152*23,UC152*152*23 [7246382],,,,,UC152*152*23,<By Category>,<By Category>,
Structural Framing,PL4.5x318.4,PL4.5x318.4,PL4.5x318.4 [6972819],,,,,PL4.5x318.4,<By Category>,<By Category>,
Structural Framing,PL4.5x318.4,PL4.5x318.4,PL4.5x318.4 [7246543],,,,,PL4.5x318.4,<By Category>,<By Category>,
Structural Framing,L-50X50X5,L-50X50X5,L-50X50X5 [6972820],,,,,L-50X50X5,<By Category>,<By Category>,
Structural Framing,L-50X50X5,L-50X50X5,L-50X50X5 [7246544],,,,,L-50X50X5,<By Category>,<By Category>,
Structural Framing,L-50X50X5,L-50X50X5,L-50X50X5 [7246545],,,,,L-50X50X5,<By Category>,<By Category>,
Structural Framing,PLT4.5x35,PLT4.5x35,PLT4.5x35 [6972826],,,,,PLT4.5x35,<By Category>,<By Category>,
Structural Framing,PLT4.5x35,PLT4.5x35,PLT4.5x35 [6972976],,,,,PLT4.5x35,<By Category>,<By Category>,
Structural Framing,PLT4.5x35,PLT4.5x35,PLT4.5x35 [6973880],,,,,PLT4.5x35,<By Category>,<By Category>,
Structural Framing,PLT4.5x35,PLT4.5x35,PLT4.5x35 [7246419],,,,,PLT4.5x35,<By Category>,<By Category>,
Structural Framing,PLT10x300,PLT10x300,PLT10x300 [6972837],,,,,PLT10x300,<By Category>,<By Category>,
Structural Framing,PLT10x300,PLT10x300,PLT10x300 [7246402],,,,,PLT10x300,<By Category>,<By Category>,
Structural Framing,D1,D1,D1 [6972849],,,,,D1,<By Category>,<By Category>,
Structural Framing,D1,D1,D1 [6973069],,,,,D1,<By Category>,<By Category>,
Structural Framing,PD24x1,PD24x1,PD24x1 [7246460],,,,,PD24x1,<By Category>,<By Category>,
Structural Framing,PD24x1,PD24x1,PD24x1 [7246461],,,,,PD24x1,<By Category>,<By Category>,
Structural Framing,4.5x1440,4.5x1440,4.5x1440 [6972975],,,,,4.5x1440,<By Category>,<By Category>,
Structural Framing,50x3.2,50x3.2,50x3.2 [6972982],,,,,50x3.2,<By Category>,<By Category>,
Structural Framing,50x3.1,50x3.1,50x3.1 [7246580],,,,,50x3.1,<By Category>,<By Category>,
Structural Framing,PL4.5x1340,PL4.5x1340,PL4.5x1340 [6973017],,,,,PL4.5x1340,<By Category>,<By Category>,
Structural Framing,PLT10x150,PLT10x150,PLT10x150 [7246553],,,,,PLT10x150,<By Category>,<By Category>,
Structural Framing,PLT10x150,PLT10x150,PLT10x150 [7246556],,,,,PLT10x150,<By Category>,<By Category>,
Structural Framing,PLT10x91,PLT10x91,PLT10x91 [6973099],,,,,PLT10x91,<By Category>,<By Category>,
Structural Framing,PLT10x91,PLT10x91,PLT10x91 [6973102],,,,,PLT10x91,<By Category>,<By Category>,
Structural Framing,PLT10x360,PLT10x360,PLT10x360 [6973844],,,,,PLT10x360,<By Category>,<By Category>,
Structural Framing,4.5x1448.8,4.5x1448.8,4.5x1448.8 [6973873],,,,,4.5x1448.8,<By Category>,<By Category>,
Structural Framing,PLT10x1,PLT10x1,PLT10x1 [6973915],,,,,PLT10x1,<By Category>,<By Category>,
Structural Framing,PLT10x1,PLT10x1,PLT10x1 [7246448],,,,,PLT10x1,<By Category>,<By Category>,
Structural Framing,D2,D2,D2 [6973917],,,,,D2,<By Category>,<By Category>,
Structural Framing,PLT20x165,PLT20x165,PLT20x165 [6974013],,,,,PLT20x165,<By Category>,<By Category>,
Structural Framing,T-Tees,T15x40,T-Tees [7222195],,,,,T15x40,"Metal, Powder Coated, White",<By Category>,
Structural Framing,T-Tees,T15x40,T-Tees [9458595],,,,,T15x40,"Metal, Powder Coated, White",<By Category>,
Structural Framing,4.5x1458.8,4.5x1458.8,4.5x1458.8 [7246401],,,,,4.5x1458.8,<By Category>,<By Category>,
Structural Framing,L-Angles,L15x40,L-Angles [7256791],,,,,L15x40,"Metal, Powder Coated, White",<By Category>,
Structural Framing,L-Angles,L15x40,L-Angles [7261581],,,,,L15x40,"Metal, Powder Coated, White",<By Category>,
Structural Framing,PFC-Parallel Flange Channels,PFC200x90x30,PFC-Parallel Flange Channels [8408777],B1020362,Steel Beams w/ Steel Joists,S355 JR,,PFC200x90x30,Metal - Steel - 345 MPa,<By Category>,
Structural Framing,C-Channels,aC203x89,C-Channels [8413892],,,,,aC203x89,Metal - Steel - 345 MPa,<By Category>,
Structural Framing,PFC-Parallel Flange Channels1,PFC100x50x8.5,PFC-Parallel Flange Channels1 [8552470],B1020362,Steel Beams w/ Steel Joists,,,PFC100x50x8.5,Metal - Steel - 345 MPa,<By Category>,
Structural Framing,PFC-Parallel Flange Channels1,PFC100x50x8.5,PFC-Parallel Flange Channels1 [9301013],B1020362,Steel Beams w/ Steel Joists,,,PFC100x50x8.5,Metal - Steel - 345 MPa,<By Category>,
Structural Framing,UB-Universal Beams,SB4 UB457x191x74,UB-Universal Beams [9518828],B1020362,Steel Beams w/ Steel Joists,,Steel 43-275,SB4 UB457x191x74,Metal - Steel - 345 MPa,<By Category>,
Structural Framing,UB-Universal Beams,UB533x210x92,UB-Universal Beams [9520082],B1020362,Steel Beams w/ Steel Joists,,Steel 43-275,UB533x210x92,Metal - Steel - 345 MPa,<By Category>,
Columns,PD24x6,PD24x6,PD24x6 [6972839],,,,,PD24x6,,,
Columns,PD24x6,PD24x6,PD24x6 [7246447],,,,,PD24x6,,,
Columns,PLT10x225,PLT10x225,PLT10x225 [6972847],,,,,PLT10x225,,,
Columns,D1,D1,D1 [6972970],,,,,D1,,,
Columns,D1,D1,D1 [6973039],,,,,D1,,,
Columns,50x3.2,50x3.2,50x3.2 [6972977],,,,,50x3.2,,,
Columns,50x3.2,50x3.2,50x3.2 [6972978],,,,,50x3.2,,,
Columns,D12,D12,D12 [6973846],,,,,D12,,,
Columns,SHS 75X75,SHS 75X75,SHS 75X75 [7958067],,,,,SHS 75X75,,,
Columns,Columns 1,Columns 1,Columns 1 [7960152],,,,,Columns 1,,,
Columns,Columns 2,Columns 1,Columns 2 [7960324],,,,,Columns 1,,,
Columns,SHS 75X9,SHS 75X75,SHS 75X9 [7960448],,,,,SHS 75X75,,,
Columns,Columns 3,Columns 1,Columns 3 [8548871],,,,,Columns 1,,,
Columns,Columns 8,Columns 4,Columns 8 [8556404],,,,,Columns 4,,,
Columns,Columns 9,Columns 4,Columns 9 [8556420],,,,,Columns 4,,,
Columns,Columns 11,Columns 4,Columns 11 [8556454],,,,,Columns 4,,,
Columns,Columns 12,Columns 4,Columns 12 [8557490],,,,,Columns 4,,,
Columns,Columns 13,Columns 4,Columns 13 [8557506],,,,,Columns 4,,,
Columns,Columns 14,Columns 4,Columns 14 [8557523],,,,,Columns 4,,,
Columns,Columns 15,Columns 4,Columns 15 [8557540],,,,,Columns 4,,,
Columns,Columns 16,Columns 4,Columns 16 [8557642],,,,,Columns 4,,,
Columns,Columns 17,Columns 4,Columns 17 [8557658],,,,,Columns 4,,,
Columns,Columns 18,Columns 4,Columns 18 [8557675],,,,,Columns 4,,,
Columns,Columns 19,Columns 4,Columns 19 [8557692],,,,,Columns 4,,,
Columns,Columns 20,Columns 20,Columns 20 [8558484],,,,,Columns 20,,,
Structural Foundations,,,FOOTING [6973941],,,,,,,,
Structural Foundations,,,FOOTING [6973942],,,,,,,,
Structural Foundations,,,FOOTING [7246464],,,,,,,,
Structural Foundations,,,FOOTING [7246465],,,,,,,,
Parking,FAA_Pedestrian_Crossing,FAA_Pedestrian_Crossing,FAA_Pedestrian_Crossing [7503245],,,,,FAA_Pedestrian_Crossing,,<By Category>,
Electrical Equipment,,,ELV Server Rack [8081479],,,,,,,,
Electrical Equipment,,,Distribution Board [8802938],,,,,,,,
Electrical Equipment,,,Distribution Board [8803812],,,,,,,,
Electrical Equipment,water heater,IS  35 E - 2 white,water heater [8962486],,,,,IS  35 E - 2 white,,,
Electrical Fixtures,,,GATE CONTROL BUTTOM [8116778],,,,,,,,
Electrical Fixtures,,,ArupSG_Isolator [8133463],,,,,,,,
Electrical Fixtures,,,ArupSG_Isolator [8391890],,,,,,,,
Electrical Fixtures,,,ArupSG_Isolator [8422336],,,,,,,,
Electrical Fixtures,Lightning Early Warning System,Lightning Early Warning System,Lightning Early Warning System [8889043],80HP9800113,,WIRELESS OUTDOOR BELL BOX,,Lightning Early Warning System,,,
Electrical Fixtures,,,2 x 13A SWITCH SOCKET OUTLET [8892968],,,,,,,,
Pipes,,,Pipe Types [8254590],,,,,,,,
Pipes,,,Pipe Types [8254591],,,,,,,,
Pipes,,,Pipe Types [8260511],,,,,,,,
Pipes,,,Pipe Types [8260512],,,,,,,,
Pipes,,,Pipe Types [8281346],,,,,,,,
Pipes,,,Pipe Types [8281347],,,,,,,,
Pipes,,,Pipe Types [8281383],,,,,,,,
Pipes,,,Pipe Types [8281384],,,,,,,,
Pipes,,,Pipe Types [8260534],,,,,,,,
Pipes,,,Pipe Types [8260535],,,,,,,,
Pipes,,,Pipe Types [8267577],,,,,,,,
Pipes,,,Pipe Types [8267578],,,,,,,,
Pipes,,,Pipe Types [8281469],,,,,,,,
Pipes,,,Pipe Types [8281470],,,,,,,,
Pipes,,,Pipe Types [8281479],,,,,,,,
Pipes,,,Pipe Types [8281480],,,,,,,,
Pipes,,,Pipe Types [8568913],,,,,,,,
Pipes,,,Pipe Types [8568914],,,,,,,,
Pipe Fittings,M_Bend - PVC - Sch 40 - DWV,Standard,M_Bend - PVC - Sch 40 - DWV [8260523],,,,,Standard,,<By Category>,
Pipe Fittings,M_Bend - PVC - Sch 40 - DWV,Standard,M_Bend - PVC - Sch 40 - DWV [8260524],,,,,,,<By Category>,
Pipe Fittings,M_Bend - PVC - Sch 40 - DWV,Standard,M_Bend - PVC - Sch 40 - DWV [8281393],,,,,Standard,,<By Category>,
Pipe Fittings,M_Bend - PVC - Sch 40 - DWV,Standard,M_Bend - PVC - Sch 40 - DWV [8281394],,,,,,,<By Category>,
Pipe Fittings,Arup_Pipe Fitting Elbow_Stainless Steel Press Fit,Generic,Arup_Pipe Fitting Elbow_Stainless Steel Press Fit [8267585],,,,,Generic,,<By Category>,
Pipe Fittings,Arup_Pipe Fitting Elbow_Stainless Steel Press Fit,Generic,Arup_Pipe Fitting Elbow_Stainless Steel Press Fit [8267586],,,,,,,<By Category>,
Pipe Fittings,Arup_Pipe Fitting Elbow_Stainless Steel Press Fit,Generic,Arup_Pipe Fitting Elbow_Stainless Steel Press Fit [8281487],,,,,Generic,,<By Category>,
Pipe Fittings,Arup_Pipe Fitting Elbow_Stainless Steel Press Fit,Generic,Arup_Pipe Fitting Elbow_Stainless Steel Press Fit [8281488],,,,,,,<By Category>,
Structural Columns,Concrete-Round-Column,323.9,Concrete-Round-Column [8406466],B10,Superstructure,,,323.9,000-825 Metal Aluminium 001,,
Structural Columns,Concrete-Round-Column,323.9,Concrete-Round-Column [8406861],B10,Superstructure,,,323.9,000-825 Metal Aluminium 001,,
Structural Columns,Concrete-Round-Column,323.9,Concrete-Round-Column [8406889],B10,Superstructure,,,323.9,000-825 Metal Aluminium 001,,
Structural Columns,Concrete-Round-Column,273,Concrete-Round-Column [8406931],B10,Superstructure,,,273,000-825 Metal Aluminium 001,,
Structural Columns,Concrete-Round-Column,273,Concrete-Round-Column [8407031],B10,Superstructure,,,273,000-825 Metal Aluminium 001,,
Structural Columns,Concrete-Round-Column,273,Concrete-Round-Column [8407054],B10,Superstructure,,,273,000-825 Metal Aluminium 001,,
Structural Columns,Concrete-Round-Column,273,Concrete-Round-Column [8407108],B10,Superstructure,,,273,PEBBLES,,
Structural Columns,Concrete-Round-Column,273,Concrete-Round-Column [8407138],B10,Superstructure,,,273,000-825 Metal Aluminium 001,,
Structural Columns,Concrete-Round-Column,273,Concrete-Round-Column [8407172],B10,Superstructure,,,273,000-825 Metal Aluminium 001,,
Structural Columns,Concrete-Round-Column,273,Concrete-Round-Column [8407396],B10,Superstructure,,,273,"Concrete, Cast-in-Place gray",,
Structural Columns,Concrete-Round-Column,273,Concrete-Round-Column [8407529],B10,Superstructure,,,273,"Concrete, Cast-in-Place gray",,
Structural Columns,Concrete-Round-Column,273,Concrete-Round-Column [8407575],B10,Superstructure,,,273,"Concrete, Cast-in-Place gray",,
Structural Columns,Concrete-Round-Column,273,Concrete-Round-Column [8407577],B10,Superstructure,,,273,"Concrete, Cast-in-Place gray",,
Structural Columns,Concrete-Round-Column,273,Concrete-Round-Column [8407579],B10,Superstructure,,,273,"Concrete, Cast-in-Place gray",,
Structural Columns,Circular Hollow Sections-Column,CHS273x16,Circular Hollow Sections-Column [8407430],B1010250,Columns - Steel,,Steel 50-355,CHS273x16,Metal - Steel 50-355,,
Structural Columns,Circular Hollow Sections-Column,CHS273x16,Circular Hollow Sections-Column [8407432],B1010250,Columns - Steel,,Steel 50-355,CHS273x16,Metal - Steel 50-355,,
Structural Columns,Circular Hollow Sections-Column,CHS273x16,Circular Hollow Sections-Column [8407434],B1010250,Columns - Steel,,Steel 50-355,CHS273x16,Metal - Steel 50-355,,
Data Devices,,,Data outlet [8892967],,,,,,,,
Site,Removable Barrier,Removable Barrier,Removable Barrier [9092412],G2040100,Fences & Gates,REMOVABLE BARRIER,MCR13,Removable Barrier,,"Paint - White,Steel",
Site,Removable Barrier,Removable Barrier,Removable Barrier [9093273],G2040100,Fences & Gates,REMOVABLE BARRIER,MCR13,Removable Barrier,,"Paint - White,Steel",
Site,Removable Barrier,Removable Barrier,Removable Barrier [9093287],G2040100,Fences & Gates,REMOVABLE BARRIER,MCR13,Removable Barrier,,"Paint - White,Steel",
Site,Removable Barrier,Removable Barrier,Removable Barrier [9093288],G2040100,Fences & Gates,REMOVABLE BARRIER,MCR13,Removable Barrier,,"Paint - White,Steel",
Site,Site 1,Site 1,Site 1 [9923107],E2010500,Fixed Multiple Seating,CONCRETE STUMP,MCR13,Site 1,,Masonry - Concrete Blocks,
Site,Site 2,Site 2,Site 2 [9924104],,,BALAU WOOD OUTDOOR BENCH,MCR13,Site 2,,WOOD,
Site,Site 3,Site 2,Site 3 [9924465],,,BALAU WOOD OUTDOOR BENCH,MCR13,Site 2,,WOOD,
